frame_idx,wall_t,ms_capture,ms_preproc,ms_framediff,ms_total,phase,state,sensor_age_ms
0,1777426438.046975,297.203,8.550,0.009,306.216,warmup,searching,34.06
1,1777426438.076448,24.156,2.492,2.459,29.398,warmup,searching,30.32
2,1777426438.107618,26.812,2.101,1.426,31.022,warmup,searching,28.11
3,1777426438.142316,29.578,2.418,2.230,34.542,warmup,searching,29.46
4,1777426438.174391,27.759,2.045,1.513,31.935,warmup,searching,28.16
5,1777426438.209016,29.502,2.534,2.193,34.490,warmup,searching,29.43
6,1777426438.240426,27.289,2.040,1.309,31.267,warmup,searching,27.47
7,1777426438.275393,29.936,2.379,2.247,34.826,warmup,searching,29.08
8,1777426438.307271,27.717,2.020,1.374,31.739,warmup,searching,27.59
9,1777426438.342128,29.765,2.452,2.230,34.717,warmup,searching,29.09
10,1777426438.373882,27.597,1.990,1.301,31.613,warmup,searching,27.46
11,1777426438.410889,31.941,2.401,2.257,36.870,warmup,searching,31.12
12,1777426438.440601,25.562,2.067,1.314,29.568,warmup,searching,27.46
13,1777426438.475575,29.918,2.395,2.264,34.840,warmup,searching,29.08
14,1777426438.509484,29.730,2.025,1.330,33.765,warmup,searching,29.61
15,1777426438.542271,27.703,2.448,2.238,32.650,warmup,searching,29.04
16,1777426438.574128,27.704,2.019,1.372,31.718,warmup,searching,27.53
17,1777426438.609000,29.817,2.461,2.194,34.737,warmup,searching,29.04
18,1777426438.640815,27.680,2.045,1.327,31.678,warmup,searching,27.49
19,1777426438.675748,29.877,2.406,2.255,34.797,warmup,searching,29.06
20,1777426438.707597,27.676,2.066,1.335,31.709,warmup,searching,27.54
21,1777426438.742995,30.352,2.391,2.247,35.258,warmup,searching,29.58
22,1777426438.774205,27.085,2.023,1.340,31.073,warmup,searching,27.42
23,1777426438.810222,30.942,2.431,2.237,35.879,warmup,searching,30.08
24,1777426438.840980,26.656,2.052,1.295,30.619,warmup,searching,27.46
25,1777426438.876039,29.960,2.487,2.214,34.923,warmup,searching,29.16
26,1777426438.907765,27.610,2.038,1.314,31.585,warmup,searching,27.51
27,1777426438.942681,29.877,2.407,2.228,34.778,warmup,searching,29.08
28,1777426438.974555,27.564,2.014,1.542,31.735,warmup,searching,27.58
29,1777426439.009537,29.783,2.433,2.337,34.850,warmup,searching,29.21
30,1777426439.040862,27.479,2.056,1.379,31.185,active,searching,27.16,0
31,1777426439.075788,29.994,1.997,2.511,34.782,active,searching,28.72,0
32,1777426439.107906,27.984,2.060,1.614,31.978,active,searching,27.46,0
33,1777426439.142945,29.537,2.368,2.341,34.513,active,searching,29.16,0
34,1777426439.174475,27.546,2.040,1.543,31.389,active,searching,27.31,0
35,1777426439.209593,29.599,2.400,2.312,34.621,active,searching,29.08,0
36,1777426439.241081,27.595,2.059,1.447,31.347,active,searching,27.20,0
37,1777426439.276509,29.790,2.445,2.374,34.879,active,acquiring,29.26,0
38,1777426439.312901,27.394,2.043,1.497,36.236,3.245,1.425,active,tracking,32.28,1,-10.60,5.04,4
39,1777426439.378366,24.316,2.203,,65.323,,,38.449,settle,tracking,64.38,,,,,3
40,1777426439.437675,2.001,2.044,,59.167,,,54.518,settle,tracking,90.32,,,,,2
41,1777426439.496445,2.198,2.066,,58.645,,,54.017,settle,tracking,82.36,,,,,1
42,1777426439.554882,2.192,2.074,,58.272,,,53.662,settle,tracking,107.44,,,,,0
43,1777426439.615059,2.068,2.059,,60.022,,1.394,54.046,active,tracking,100.91,1,-6.92,2.08,2,
44,1777426439.672743,1.998,2.044,,57.555,,,53.174,settle,tracking,91.84,,,,,1
45,1777426439.731266,2.056,1.999,,58.368,,,53.951,settle,tracking,83.61,,,,,0
46,1777426439.791224,2.224,2.060,,59.798,,1.413,53.729,active,tracking,110.24,1,-4.52,1.16,2,
47,1777426439.849938,2.059,2.046,,58.583,,,54.133,settle,tracking,102.21,,,,,1
48,1777426439.907655,2.045,2.037,,57.569,,,53.144,settle,tracking,93.20,,,,,0
49,1777426439.936514,2.043,2.019,,28.695,,,24.271,active,tracking,55.33,0,,,,
50,1777426439.964718,2.632,2.009,,28.048,,,23.069,active,tracking,50.15,0,,,,
51,1777426439.997492,7.184,2.061,,32.623,,,22.976,active,tracking,49.58,0,,,,
52,1777426440.030403,7.677,2.044,,32.761,,,22.729,active,tracking,49.13,0,,,,
53,1777426440.068061,11.117,2.008,,37.513,,,22.614,active,lost,53.42,0,,,,
54,1777426440.077093,4.753,2.041,1.807,8.854,,,,active,acquiring,29.09,0,,,,
55,1777426440.118490,27.667,2.068,1.995,41.230,7.314,1.525,,active,tracking,37.13,1,-3.64,-0.92,2,
56,1777426440.219604,19.931,2.149,,100.958,,,78.541,settle,tracking,104.87,,,,,1
57,1777426440.359906,2.087,2.023,,140.149,,,135.689,settle,tracking,178.45,,,,,0
58,1777426440.431175,2.148,2.088,,71.099,,,66.549,active,tracking,116.26,0,,,,
59,1777426440.500813,2.115,2.090,,69.497,,,64.962,active,tracking,119.17,0,,,,
60,1777426440.571098,2.191,2.608,,69.649,,,64.568,active,tracking,122.73,0,,,,
61,1777426440.640311,2.048,2.055,,69.086,,,64.698,active,tracking,91.85,0,,,,
62,1777426440.711147,1.984,2.015,,70.709,,,64.433,active,lost,95.95,0,,,,
63,1777426440.719030,2.061,2.209,3.202,7.742,,,,active,acquiring,37.10,0,,,,
64,1777426440.743085,20.206,2.020,1.416,23.908,,,,active,searching,27.80,0,,,,
65,1777426440.775818,28.886,2.057,1.397,32.586,,,,active,searching,27.17,0,,,,
66,1777426440.809044,29.366,2.061,1.402,33.078,,,,active,searching,27.02,0,,,,
67,1777426440.842475,29.583,1.985,1.463,33.279,,,,active,searching,27.09,0,,,,
68,1777426440.875934,29.640,2.051,1.379,33.316,,,,active,searching,27.19,0,,,,
69,1777426440.909200,29.465,2.009,1.394,33.115,,,,active,searching,27.08,0,,,,
70,1777426440.942522,29.486,1.991,1.442,33.172,,,,active,searching,27.04,0,,,,
71,1777426440.975921,29.552,2.066,1.387,33.252,,,,active,searching,27.08,0,,,,
72,1777426441.009428,29.624,2.036,1.401,33.352,,,,active,searching,27.17,0,,,,
73,1777426441.042617,29.391,1.983,1.414,33.041,,,,active,searching,27.04,0,,,,
74,1777426441.076517,30.110,2.053,1.327,33.749,,,,active,searching,27.58,0,,,,
75,1777426441.110756,29.134,3.136,1.555,34.094,,,,active,searching,28.46,0,,,,
76,1777426441.143995,28.243,3.146,1.445,33.088,,,,active,searching,28.33,0,,,,
77,1777426441.177437,28.387,3.152,1.460,33.292,,,,active,searching,28.41,0,,,,
78,1777426441.210662,28.191,3.112,1.523,33.079,,,,active,searching,28.27,0,,,,
79,1777426441.243000,28.417,1.984,1.545,32.190,,,,active,acquiring,27.24,0,,,,
80,1777426441.282368,29.429,2.062,1.543,39.219,4.378,1.430,,active,tracking,33.26,1,0.40,-3.92,2,
81,1777426441.358721,23.473,2.152,,76.211,,,50.248,settle,tracking,76.23,,,,,1
82,1777426441.449774,2.079,2.066,,90.907,,,86.427,settle,tracking,133.92,,,,,0
83,1777426441.541263,2.031,2.056,,91.345,,1.410,85.487,active,tracking,125.34,1,0.68,-3.08,2,
84,1777426441.630556,1.980,2.055,,89.124,,,84.735,settle,tracking,114.51,,,,,1
85,1777426441.720368,2.229,2.064,,89.642,,,84.999,settle,tracking,137.59,,,,,0
86,1777426441.767017,2.110,2.035,,46.491,,,42.024,active,tracking,84.14,0,,,,
87,1777426441.813778,2.142,2.138,,46.609,,,42.021,active,tracking,97.56,0,,,,
88,1777426441.860078,1.968,2.034,,46.156,,,41.841,active,tracking,77.12,0,,,,
89,1777426441.906804,2.059,2.062,,46.584,,,42.183,active,tracking,90.48,0,,,,
90,1777426441.954117,1.900,2.044,,47.188,,,41.689,active,lost,71.06,0,,,,
91,1777426441.963354,2.704,2.441,3.323,8.762,,,,active,acquiring,46.94,0,,,,
92,1777426441.981480,10.315,2.013,1.716,17.980,1.925,1.423,,active,tracking,31.72,1,7.28,4.44,2,
93,1777426442.042378,24.946,2.160,,60.758,,,33.331,settle,tracking,59.24,,,,,1
94,1777426442.094512,2.007,2.039,,51.982,,,47.596,settle,tracking,78.00,,,,,0
95,1777426442.148309,2.144,2.092,,53.637,,1.397,47.641,active,tracking,98.44,1,7.24,4.36,2,
96,1777426442.198106,1.979,2.027,,49.662,,,45.300,settle,tracking,81.47,,,,,1
97,1777426442.248563,2.186,2.132,,50.298,,,45.635,settle,tracking,98.58,,,,,0
98,1777426442.299715,2.032,2.015,,50.996,,1.428,45.142,active,tracking,83.04,1,5.88,2.28,2,
99,1777426442.350228,2.240,2.079,,50.360,,,45.696,settle,tracking,100.17,,,,,1
100,1777426442.399929,2.004,2.055,,49.546,,,45.125,settle,tracking,83.13,,,,,0
101,1777426442.451737,2.230,2.076,,51.644,,1.384,45.586,active,tracking,101.60,1,3.92,0.60,2,
102,1777426442.501511,2.031,2.014,,49.640,,,45.177,settle,tracking,84.61,,,,,1
103,1777426442.551869,2.206,2.138,,50.197,,,45.500,settle,tracking,101.61,,,,,0
104,1777426442.603250,2.114,2.023,,51.188,,1.425,45.241,active,tracking,86.29,1,3.08,-0.52,2,
105,1777426442.653821,2.325,2.347,,50.437,,,45.425,settle,tracking,103.48,,,,,1
106,1777426442.703366,2.062,2.054,,49.389,,,44.918,settle,tracking,86.28,,,,,0
107,1777426442.755539,2.427,2.323,,52.007,,1.411,45.491,active,tracking,105.12,1,2.96,-1.04,2,
108,1777426442.805586,2.044,2.034,,49.910,,,45.384,settle,tracking,88.41,,,,,1
109,1777426442.855913,2.480,2.058,,50.174,,,45.292,settle,tracking,105.37,,,,,0
110,1777426442.907653,2.128,2.017,,51.581,,1.425,45.633,active,tracking,90.42,1,3.00,-1.44,2,
111,1777426442.957764,2.125,2.014,,49.981,,,45.499,settle,tracking,107.14,,,,,1
112,1777426443.008004,2.058,2.094,,50.083,,,45.520,settle,tracking,90.64,,,,,0
113,1777426443.059998,2.515,1.996,,51.834,,1.412,45.545,active,tracking,109.30,1,2.92,-1.04,2,
114,1777426443.110455,2.064,2.270,,50.326,,,45.620,settle,tracking,93.01,,,,,1
115,1777426443.162944,2.485,2.752,,52.207,,,46.528,settle,tracking,78.76,,,,,0
116,1777426443.214601,2.192,2.148,,51.507,,1.421,45.380,active,tracking,97.08,1,2.08,-0.64,2,
117,1777426443.264433,1.979,2.022,,49.701,,,45.355,settle,tracking,80.16,,,,,1
118,1777426443.314608,2.211,2.070,,50.016,,,45.386,settle,tracking,96.98,,,,,0
119,1777426443.364453,2.054,2.035,,49.691,,,45.250,active,tracking,80.09,0,,,,
120,1777426443.415450,2.197,2.269,,50.248,,,45.424,active,tracking,97.72,0,,,,
121,1777426443.465109,2.072,1.958,,49.499,,,45.108,active,tracking,80.65,0,,,,
122,1777426443.515496,2.250,2.076,,50.223,,,45.530,active,tracking,97.67,0,,,,
123,1777426443.565173,2.088,1.965,,49.518,,,45.108,active,tracking,80.62,0,,,,
124,1777426443.615561,2.295,2.095,,50.220,,,45.481,active,tracking,97.64,0,,,,
125,1777426443.665161,2.072,1.953,,49.442,,,45.057,active,tracking,80.51,0,,,,
126,1777426443.715445,2.235,2.095,,50.120,,,45.434,active,tracking,97.43,0,,,,
127,1777426443.765232,2.110,2.009,,49.629,,,45.148,active,tracking,80.49,0,,,,
128,1777426443.815549,2.170,2.081,,50.102,,,45.500,active,tracking,97.44,0,,,,
129,1777426443.866717,2.085,1.975,,51.008,,1.476,45.100,active,tracking,81.91,1,-1.60,-0.84,2,
130,1777426443.916919,2.091,2.157,,50.062,,,45.473,settle,tracking,98.71,,,,,1
131,1777426443.966743,2.052,2.023,,49.667,,,45.223,settle,tracking,81.81,,,,,0
132,1777426444.018321,2.208,2.133,,51.416,,1.421,45.294,active,tracking,100.05,1,-2.12,-1.12,2,
133,1777426444.068088,1.996,2.063,,49.633,,,45.196,settle,tracking,83.07,,,,,1
134,1777426444.120178,2.213,2.082,,51.933,,,47.283,settle,tracking,101.79,,,,,0
135,1777426444.171612,2.104,2.009,,51.265,,1.431,45.342,active,tracking,86.52,1,-1.88,-1.16,2,
136,1777426444.222400,2.389,2.361,,50.650,,,45.561,settle,tracking,103.93,,,,,1
137,1777426444.272237,2.090,2.069,,49.674,,,45.146,settle,tracking,87.02,,,,,0
138,1777426444.322675,2.245,2.368,,50.269,,,45.310,active,tracking,104.10,0,,,,
139,1777426444.372516,2.072,2.054,,49.679,,,45.191,active,tracking,87.22,0,,,,
140,1777426444.422960,2.244,2.356,,50.275,,,45.334,active,tracking,104.29,0,,,,
141,1777426444.472834,2.072,2.049,,49.713,,,45.221,active,tracking,87.44,0,,,,
142,1777426444.523369,2.520,2.113,,50.356,,,45.366,active,tracking,104.60,0,,,,
143,1777426444.573339,2.121,2.021,,49.807,,,45.276,active,tracking,87.85,0,,,,
144,1777426444.623599,2.256,2.069,,50.023,,,45.344,active,tracking,104.74,0,,,,
145,1777426444.673613,2.106,2.041,,49.850,,,45.244,active,tracking,88.03,0,,,,
146,1777426444.723854,2.243,2.106,,50.075,,,45.374,active,tracking,104.91,0,,,,
147,1777426444.775750,2.120,2.021,,51.739,,1.553,45.608,active,tracking,90.10,1,-0.88,-1.40,2,
148,1777426444.825580,1.904,2.004,,49.707,,,45.393,settle,tracking,73.16,,,,,1
149,1777426444.875767,2.045,2.067,,50.039,,,45.501,settle,tracking,90.00,,,,,0
150,1777426444.927888,2.365,2.005,,51.739,,1.420,45.580,active,tracking,75.40,1,-1.52,-1.68,2,
151,1777426444.977900,2.059,2.019,,49.877,,,45.458,settle,tracking,92.04,,,,,1
152,1777426445.028627,2.028,2.098,,50.576,,,46.103,settle,tracking,76.03,,,,,0
153,1777426445.080132,2.117,2.035,,51.315,,1.419,45.382,active,tracking,94.19,1,-2.20,-1.56,2,
154,1777426445.132370,2.041,2.014,,52.105,,,47.691,settle,tracking,79.68,,,,,1
155,1777426445.182675,2.131,2.103,,50.154,,,45.568,settle,tracking,96.62,,,,,0
156,1777426445.234347,2.068,2.072,,51.518,,1.425,45.579,active,tracking,81.58,1,-2.00,-1.08,2,
157,1777426445.284766,2.113,2.109,,50.278,,,45.709,settle,tracking,98.62,,,,,1
158,1777426445.334689,2.033,2.023,,49.762,,,45.341,settle,tracking,81.81,,,,,0
159,1777426445.386324,2.209,2.116,,51.466,,1.420,45.352,active,tracking,100.11,1,-1.60,-0.84,2,
160,1777426445.436094,1.987,2.052,,49.627,,,45.242,settle,tracking,83.12,,,,,1
161,1777426445.486368,2.265,2.096,,50.124,,,45.449,settle,tracking,100.04,,,,,0
162,1777426445.536118,2.052,2.042,,49.586,,,45.138,active,tracking,83.06,0,,,,
163,1777426445.586639,2.312,2.083,,50.366,,,45.612,active,tracking,100.21,0,,,,
164,1777426445.636441,2.046,2.071,,49.645,,,45.194,active,tracking,83.28,0,,,,
165,1777426445.686974,2.273,2.091,,50.376,,,45.623,active,tracking,100.46,0,,,,
166,1777426445.736721,2.029,2.063,,49.593,,,45.158,active,tracking,83.47,0,,,,
167,1777426445.787213,2.281,2.062,,50.324,,,45.603,active,tracking,100.60,0,,,,
168,1777426445.836870,2.090,2.013,,49.502,,,45.058,active,tracking,83.53,0,,,,
169,1777426445.887333,2.267,2.105,,50.295,,,45.556,active,tracking,100.62,0,,,,
170,1777426445.937042,2.089,2.028,,49.556,,,45.076,active,tracking,83.60,0,,,,
171,1777426445.988989,2.257,2.107,,51.780,,1.386,45.642,active,tracking,102.19,1,1.40,0.48,2,
172,1777426446.038648,2.065,2.020,,49.523,,,45.077,settle,tracking,85.11,,,,,1
173,1777426446.088993,2.228,2.140,,50.179,,,45.459,settle,tracking,102.07,,,,,0
174,1777426446.143059,2.109,2.035,,53.911,,1.709,47.663,active,tracking,89.46,1,2.40,0.84,2,
175,1777426446.193570,2.151,2.038,,50.389,,,45.764,settle,tracking,73.22,,,,,1
176,1777426446.244104,2.076,2.078,,50.389,,,45.654,settle,tracking,90.40,,,,,0
177,1777426446.295706,2.295,2.001,,51.476,,1.421,45.391,active,tracking,75.27,1,2.80,0.60,2,
178,1777426446.345771,2.061,2.023,,49.931,,,45.507,settle,tracking,91.96,,,,,1
179,1777426446.396191,2.055,2.047,,50.266,,,45.820,settle,tracking,75.65,,,,,0
180,1777426446.448434,2.071,2.156,,51.463,,1.421,45.444,active,tracking,94.55,1,2.52,0.68,2,
181,1777426446.498841,2.016,2.005,,50.273,,,45.902,settle,tracking,78.19,,,,,1
182,1777426446.549021,2.205,2.093,,50.022,,,45.378,settle,tracking,95.02,,,,,0
183,1777426446.600896,2.085,1.991,,51.719,,1.428,45.763,active,tracking,80.19,1,1.72,0.52,2,
184,1777426446.651103,2.132,2.044,,50.071,,,45.547,settle,tracking,97.01,,,,,1
185,1777426446.701166,2.064,2.020,,49.904,,,45.466,settle,tracking,80.35,,,,,0
186,1777426446.751476,2.266,2.084,,50.147,,,45.446,active,tracking,97.29,0,,,,
187,1777426446.801281,2.091,1.975,,49.647,,,45.224,active,tracking,80.37,0,,,,
188,1777426446.851625,2.201,2.076,,50.128,,,45.496,active,tracking,97.35,0,,,,
189,1777426446.901551,2.110,1.966,,49.765,,,45.272,active,tracking,80.54,0,,,,
190,1777426446.951805,2.197,2.101,,50.098,,,45.444,active,tracking,97.43,0,,,,
191,1777426447.001617,2.099,1.993,,49.651,,,45.139,active,tracking,80.52,0,,,,
192,1777426447.051876,2.212,2.110,,50.106,,,45.435,active,tracking,97.40,0,,,,
193,1777426447.101691,2.097,2.003,,49.656,,,45.133,active,tracking,80.49,0,,,,
194,1777426447.153792,2.212,2.091,,51.945,,,47.290,active,tracking,99.22,0,,,,
195,1777426447.203659,2.025,2.062,,49.712,,,45.251,active,tracking,82.37,0,,,,
196,1777426447.253906,2.252,2.108,,50.081,,,45.363,active,tracking,99.25,0,,,,
197,1777426447.305452,2.032,2.051,,51.395,,1.433,45.494,active,tracking,84.09,1,-1.60,1.44,2,
198,1777426447.355722,2.164,2.195,,50.134,,,45.433,settle,tracking,100.97,,,,,1
199,1777426447.405583,2.181,2.030,,49.690,,,45.063,settle,tracking,84.11,,,,,0
200,1777426447.457442,2.212,2.129,,51.690,,1.443,45.538,active,tracking,102.63,1,-2.60,2.04,2,
201,1777426447.506821,2.022,2.060,,49.246,,,44.803,settle,tracking,85.25,,,,,1
202,1777426447.557234,2.240,2.133,,50.245,,,45.523,settle,tracking,102.30,,,,,0
203,1777426447.608588,2.096,2.069,,51.105,,1.418,45.140,active,tracking,86.95,1,-4.08,2.44,2,
204,1777426447.659016,2.161,2.436,,50.286,,,45.355,settle,tracking,103.99,,,,,1
205,1777426447.708909,2.101,2.051,,49.731,,,45.220,settle,tracking,87.15,,,,,0
206,1777426447.760921,2.291,2.394,,51.849,,1.424,45.382,active,tracking,105.81,1,-5.08,2.44,2,
207,1777426447.811358,2.053,2.018,,50.307,,,45.925,settle,tracking,89.52,,,,,1
208,1777426447.861442,2.121,2.002,,49.944,,,45.419,settle,tracking,106.16,,,,,0
209,1777426447.913087,2.083,2.067,,51.500,,1.402,45.502,active,tracking,91.16,1,-5.56,1.92,2,
210,1777426447.937640,1.956,2.010,,24.432,,,20.091,settle,tracking,48.96,,,,,1
211,1777426447.994048,8.386,2.022,,56.253,,,45.500,settle,tracking,72.01,,,,,0
212,1777426448.046052,2.075,2.083,,51.855,,1.690,45.589,active,tracking,90.68,1,-5.88,1.08,2,
213,1777426448.095964,1.900,2.038,,49.790,,,45.487,settle,tracking,73.82,,,,,1
214,1777426448.147181,2.128,2.021,,51.056,,,46.567,settle,tracking,91.69,,,,,0
215,1777426448.198981,2.096,2.007,,51.642,,1.408,45.706,active,tracking,76.78,1,-5.88,0.28,2,
216,1777426448.249027,2.083,2.155,,49.915,,,45.328,settle,tracking,93.44,,,,,1
217,1777426448.299651,2.077,2.010,,50.465,,,46.030,settle,tracking,77.33,,,,,0
218,1777426448.351232,2.141,2.077,,51.424,,1.406,45.438,active,tracking,95.54,1,-6.16,-0.12,2,
219,1777426448.376027,1.994,2.048,,24.665,,,20.306,settle,tracking,53.61,,,,,1
220,1777426448.402427,3.812,2.036,,26.242,,,20.090,settle,tracking,46.65,,,,,0
221,1777426448.436192,11.264,2.000,,33.627,,,20.052,active,tracking,47.05,0,,,,
222,1777426448.468991,10.264,2.012,,32.656,,,20.068,active,tracking,46.49,0,,,,
223,1777426448.504285,11.036,2.073,,35.152,,,20.108,active,lost,48.41,0,,,,
224,1777426448.517740,8.754,2.057,2.220,13.291,,,,active,acquiring,28.50,0,,,,
225,1777426448.579888,28.444,2.008,2.072,61.993,27.768,1.378,,active,tracking,57.31,1,-6.28,0.28,2,
226,1777426448.831452,2.045,2.041,,251.437,,,247.045,settle,tracking,275.49,,,,,1
227,1777426449.304819,2.064,2.020,,473.222,,,468.795,settle,tracking,515.31,,,,,0
228,1777426449.543253,2.204,2.072,,238.268,,,233.673,active,tracking,286.63,0,,,,
229,1777426449.781760,2.252,2.338,,238.362,,,233.496,active,tracking,291.60,0,,,,
230,1777426450.026430,1.998,2.050,,244.540,,,236.437,active,lost,269.34,0,,,,
231,1777426450.034329,2.126,2.196,3.144,7.748,,,,active,acquiring,43.70,0,,,,
232,1777426450.057395,13.098,2.052,1.710,22.912,4.001,1.414,,active,tracking,33.38,1,-10.08,1.04,3,
233,1777426450.138419,23.858,2.148,,80.867,,,54.535,settle,tracking,81.05,,,,,2
234,1777426450.219499,2.127,2.135,,80.932,,,76.330,settle,tracking,128.76,,,,,1
235,1777426450.256199,2.185,2.079,,36.547,,,31.980,settle,tracking,65.37,,,,,0
236,1777426450.292600,2.002,1.993,,36.262,,,31.962,active,tracking,68.41,0,,,,
237,1777426450.329151,2.061,2.015,,36.414,,,32.028,active,tracking,71.60,0,,,,
238,1777426450.366225,2.066,2.034,,36.931,,,32.527,active,tracking,75.31,0,,,,
239,1777426450.405457,2.002,2.081,,39.088,,,32.156,active,lost,81.16,0,,,,
240,1777426450.414460,2.163,2.298,3.462,8.197,,,,active,acquiring,56.82,0,,,,
241,1777426450.431337,1.949,2.063,1.765,16.743,9.195,1.409,,active,tracking,40.34,1,-3.44,-0.00,2,
242,1777426450.550080,16.446,2.163,,118.608,,,99.709,settle,tracking,125.71,,,,,1
243,1777426450.705495,1.990,2.045,,155.283,,,150.862,settle,tracking,181.02,,,,,0
244,1777426450.858926,2.093,2.135,,153.284,,1.394,147.272,active,tracking,201.02,1,-2.12,-0.12,2,
245,1777426451.013006,1.989,2.035,,153.946,,,149.525,settle,tracking,188.24,,,,,1
246,1777426451.166213,2.563,2.059,,153.050,,,148.089,settle,tracking,208.00,,,,,0
247,1777426451.321825,2.075,2.310,,155.455,,,150.718,active,tracking,196.79,0,,,,
248,1777426451.474240,2.043,2.003,,152.267,,1.419,146.437,active,tracking,182.40,1,-1.60,-0.16,2,
249,1777426451.627895,2.116,2.101,,153.528,,,148.946,settle,tracking,202.58,,,,,1
250,1777426451.779568,2.108,2.022,,151.517,,,147.032,settle,tracking,187.43,,,,,0
251,1777426451.932601,2.554,2.073,,152.813,,,147.853,active,tracking,207.01,0,,,,
252,1777426452.003584,2.125,2.037,,70.828,,,66.361,active,tracking,111.17,0,,,,
253,1777426452.075301,2.140,2.079,,71.573,,,66.336,active,tracking,116.15,0,,,,
254,1777426452.149130,2.307,2.231,,73.685,,,68.849,active,tracking,123.26,0,,,,
255,1777426452.223393,1.994,1.996,,74.132,,,66.217,active,lost,97.42,0,,,,
256,1777426452.230158,2.076,2.015,2.262,6.615,,,,active,acquiring,37.46,0,,,,
257,1777426452.260437,19.336,2.019,1.730,30.117,4.993,1.406,,active,tracking,34.38,1,-7.52,-0.16,3,
258,1777426452.346957,22.352,2.177,,86.383,,,61.516,settle,tracking,87.53,,,,,2
259,1777426452.442977,2.151,2.368,,95.866,,,91.002,settle,tracking,150.18,,,,,1
260,1777426452.536187,2.324,2.095,,93.030,,,88.270,settle,tracking,143.30,,,,,0
261,1777426452.631464,2.219,2.112,,95.108,,1.411,89.003,active,tracking,138.48,1,-6.68,-0.24,2,
262,1777426452.725482,2.059,2.037,,93.886,,,89.422,settle,tracking,132.41,,,,,1
263,1777426452.819210,2.042,2.064,,93.590,,,89.152,settle,tracking,126.04,,,,,0
264,1777426452.913958,2.094,2.015,,94.593,,1.439,88.665,active,tracking,120.72,1,-6.12,-0.24,2,
265,1777426453.007108,2.156,2.433,,93.009,,,88.080,settle,tracking,147.11,,,,,1
266,1777426453.100305,2.136,2.082,,93.038,,,88.475,settle,tracking,140.22,,,,,0
267,1777426453.197056,2.111,2.021,,96.595,,1.413,90.687,active,tracking,136.89,1,-5.04,-0.28,2,
268,1777426453.291088,2.025,1.987,,93.898,,,89.548,settle,tracking,130.82,,,,,1
269,1777426453.384512,2.020,2.064,,93.271,,,88.836,settle,tracking,124.16,,,,,0
270,1777426453.429403,2.171,2.027,,44.741,,,40.202,active,tracking,68.91,0,,,,
271,1777426453.474132,2.022,2.059,,44.591,,,40.200,active,tracking,80.31,0,,,,
272,1777426453.519256,2.122,2.116,,44.988,,,40.462,active,tracking,92.08,0,,,,
273,1777426453.563912,2.033,1.989,,44.527,,,40.179,active,tracking,70.00,0,,,,
274,1777426453.612405,2.086,2.043,,48.348,,,40.590,active,lost,85.09,0,,,,
275,1777426453.620949,2.276,2.475,3.327,8.385,,,,active,acquiring,60.30,0,,,,
276,1777426453.634105,2.115,2.006,1.831,13.000,6.438,,,active,tracking,40.09,0,,,,
277,1777426453.727877,16.852,2.135,,93.615,,,74.306,active,tracking,100.49,0,,,,
278,1777426453.843819,2.091,2.025,,115.803,,,111.341,active,tracking,149.71,0,,,,
279,1777426453.956965,2.287,2.061,,112.980,,,108.295,active,tracking,162.75,0,,,,
280,1777426454.070570,2.100,1.986,,113.448,,,109.032,active,tracking,142.92,0,,,,
281,1777426454.189799,2.091,2.064,,119.070,,,111.488,active,lost,162.04,0,,,,
282,1777426454.197081,2.116,2.207,2.548,7.137,,,,active,acquiring,35.88,0,,,,
283,1777426454.238547,20.845,2.015,1.766,41.315,14.638,1.415,,active,tracking,43.98,1,6.24,0.40,2,
284,1777426454.395236,12.741,2.221,,156.552,,,141.293,settle,tracking,167.30,,,,,1
285,1777426454.651825,1.973,2.067,,256.446,,,252.035,settle,tracking,290.43,,,,,0
286,1777426454.906198,2.070,2.013,,254.178,,,249.772,active,tracking,311.25,0,,,,
287,1777426455.034884,2.146,2.112,,128.530,,,123.974,active,tracking,173.03,0,,,,
288,1777426455.166780,2.060,2.028,,131.748,,,124.074,active,lost,171.45,0,,,,
289,1777426455.174485,2.173,2.205,2.879,7.555,,,,active,acquiring,45.71,0,,,,
290,1777426455.191738,11.191,2.021,1.667,17.096,0.535,1.418,,active,tracking,29.61,1,10.40,-6.28,3,
291,1777426455.229780,27.373,2.011,,37.904,,,7.893,settle,tracking,34.27,,,,,2
292,1777426455.266062,22.402,2.026,,36.133,,,11.347,settle,tracking,37.19,,,,,1
293,1777426455.293714,19.878,1.992,,27.498,,,5.305,settle,tracking,31.47,,,,,0
294,1777426455.326700,25.245,1.998,,32.833,,,5.323,active,tracking,31.10,0,,,,
295,1777426455.360042,25.563,2.058,,33.185,,,5.239,active,tracking,31.07,0,,,,
296,1777426455.393340,25.611,2.002,,33.136,,,5.262,active,tracking,31.00,0,,,,
297,1777426455.427499,26.314,2.017,,33.949,,,5.262,active,lost,31.81,0,,,,
298,1777426455.457094,25.085,2.041,2.079,29.449,,,,active,acquiring,28.04,0,,,,
299,1777426455.502168,28.914,2.018,1.707,44.918,10.498,1.411,,active,tracking,39.76,1,6.44,0.96,2,
300,1777426455.648034,16.416,2.064,,144.992,,,126.188,settle,tracking,152.24,,,,,1
301,1777426455.825696,2.172,2.079,,177.510,,,172.928,settle,tracking,229.81,,,,,0
302,1777426456.001640,2.038,2.015,,175.790,,,171.289,active,tracking,205.57,0,,,,
303,1777426456.182368,2.046,2.088,,180.578,,,176.099,active,tracking,219.48,0,,,,
304,1777426456.363616,2.276,2.391,,181.083,,,169.344,active,lost,233.89,0,,,,
305,1777426456.372124,2.429,2.199,3.134,8.040,,,,active,acquiring,42.22,0,,,,
306,1777426456.396196,14.566,2.061,1.666,23.900,3.566,1.411,,active,tracking,32.91,1,9.92,1.64,3,
307,1777426456.471473,24.390,2.245,,75.139,,,48.173,settle,tracking,74.84,,,,,2
308,1777426456.543519,2.039,2.037,,71.898,,,67.455,settle,tracking,113.51,,,,,1
309,1777426456.613424,2.080,2.104,,69.694,,,65.159,settle,tracking,116.63,,,,,0
310,1777426456.646053,2.193,2.132,,32.475,,,27.828,active,tracking,82.60,0,,,,
311,1777426456.678603,2.122,2.138,,32.406,,,27.846,active,tracking,81.79,0,,,,
312,1777426456.711156,2.122,2.149,,32.417,,,27.829,active,tracking,80.97,0,,,,
313,1777426456.743525,2.131,2.077,,32.230,,,27.711,active,tracking,79.98,0,,,,
314,1777426456.778471,2.111,2.096,,34.797,,,27.827,active,lost,81.54,0,,,,
315,1777426456.786804,2.240,2.309,3.381,8.202,,,,active,acquiring,56.54,0,,,,
316,1777426456.802814,1.943,2.067,1.766,15.880,8.027,1.463,,active,tracking,39.19,1,8.72,-4.92,3,
317,1777426456.905344,17.613,2.198,,102.393,,,82.243,settle,tracking,108.33,,,,,2
318,1777426457.056572,2.010,2.087,,151.032,,,146.598,settle,tracking,192.84,,,,,1
319,1777426457.134048,2.073,1.993,,77.322,,,72.957,settle,tracking,103.49,,,,,0
320,1777426457.210109,2.000,2.089,,75.924,,,71.525,active,tracking,112.82,0,,,,
321,1777426457.286002,2.064,2.093,,75.759,,,71.315,active,tracking,121.99,0,,,,
322,1777426457.361642,2.035,2.027,,75.476,,,71.116,active,tracking,130.90,0,,,,
323,1777426457.439131,1.920,2.045,,77.347,,,71.402,active,lost,108.29,0,,,,
324,1777426457.445972,2.067,2.080,2.297,6.699,,,,active,acquiring,48.41,0,,,,
325,1777426457.460057,10.068,2.039,1.568,13.940,,,,active,searching,29.12,0,,,,
326,1777426457.491747,27.547,2.066,1.679,31.542,,,,active,searching,27.45,0,,,,
327,1777426457.525068,29.210,2.057,1.655,33.174,,,,active,acquiring,27.40,0,,,,
328,1777426457.563559,29.302,2.044,1.735,38.339,3.460,1.420,,active,tracking,32.55,1,4.16,-1.80,2,
329,1777426457.637839,24.182,2.070,,74.127,,,47.539,settle,tracking,73.45,,,,,1
330,1777426457.716309,2.006,2.084,,78.309,,,73.857,settle,tracking,118.55,,,,,0
331,1777426457.794524,2.226,2.564,,78.050,,1.423,71.485,active,tracking,130.06,1,3.68,-1.60,2,
332,1777426457.869824,1.928,2.050,,75.169,,,70.822,settle,tracking,105.24,,,,,1
333,1777426457.946267,2.049,2.036,,76.292,,,71.870,settle,tracking,114.96,,,,,0
334,1777426458.024603,2.182,2.138,,78.187,,1.412,72.092,active,tracking,126.58,1,2.60,-1.20,2,
335,1777426458.099809,1.994,1.999,,75.075,,,70.736,settle,tracking,101.68,,,,,1
336,1777426458.178043,2.111,2.015,,78.074,,,73.591,settle,tracking,113.18,,,,,0
337,1777426458.216043,2.030,2.169,,37.845,,,33.316,active,tracking,84.45,0,,,,
338,1777426458.253721,2.202,2.107,,37.521,,,32.878,active,tracking,88.76,0,,,,
339,1777426458.291389,2.156,2.048,,37.350,,,32.840,active,tracking,93.07,0,,,,
340,1777426458.328759,2.028,2.009,,37.230,,,32.885,active,tracking,63.72,0,,,,
341,1777426458.367875,1.961,2.022,,38.970,,,32.826,active,lost,69.43,0,,,,
342,1777426458.375007,2.163,1.999,2.565,6.990,,,,active,acquiring,43.23,0,,,,
343,1777426458.397750,13.556,2.041,2.098,22.585,2.815,1.425,,active,tracking,32.62,1,-3.56,-2.88,2,
344,1777426458.463468,24.697,2.134,,65.578,,,38.440,settle,tracking,64.97,,,,,1
345,1777426458.524307,2.060,2.003,,60.695,,,56.291,settle,tracking,92.43,,,,,0
346,1777426458.585068,2.092,2.008,,60.605,,1.430,54.687,active,tracking,86.47,1,-3.48,-2.12,2,
347,1777426458.645219,2.205,2.456,,60.008,,,55.002,settle,tracking,113.22,,,,,1
348,1777426458.704922,2.050,2.158,,59.519,,,54.958,settle,tracking,106.23,,,,,0
349,1777426458.765202,2.102,1.997,,60.122,,1.403,54.280,active,tracking,99.80,1,-3.12,-1.24,2,
350,1777426458.823929,2.003,2.064,,58.564,,,54.122,settle,tracking,91.77,,,,,1
351,1777426458.883079,2.073,2.015,,58.992,,,54.539,settle,tracking,84.19,,,,,0
352,1777426458.944188,2.246,2.051,,60.934,,1.420,54.836,active,tracking,111.94,1,-2.16,-0.76,2,
353,1777426459.003730,2.136,2.055,,59.399,,,54.856,settle,tracking,104.76,,,,,1
354,1777426459.062661,2.117,2.016,,58.770,,,54.299,settle,tracking,96.95,,,,,0
355,1777426459.122554,1.988,2.083,,59.732,,,55.289,active,tracking,90.12,0,,,,
356,1777426459.182750,2.255,2.371,,60.027,,,55.050,active,tracking,116.95,0,,,,
357,1777426459.242823,2.198,2.139,,59.905,,,55.215,active,tracking,110.30,0,,,,
358,1777426459.302264,2.070,2.116,,59.283,,,54.747,active,tracking,103.01,0,,,,
359,1777426459.360979,2.052,2.051,,58.556,,,54.102,active,tracking,94.99,0,,,,
360,1777426459.420673,2.010,2.149,,58.725,,,54.160,active,tracking,87.93,0,,,,
361,1777426459.480600,2.342,2.061,,59.757,,,54.991,active,tracking,114.52,0,,,,
362,1777426459.540287,2.213,2.083,,59.527,,,54.875,active,tracking,107.48,0,,,,
363,1777426459.599505,2.137,2.056,,59.060,,,54.515,active,tracking,99.97,0,,,,
364,1777426459.658298,2.077,2.016,,58.627,,,54.187,active,tracking,92.03,0,,,,
365,1777426459.717330,2.033,2.085,,58.871,,,54.382,active,tracking,84.32,0,,,,
366,1777426459.776955,2.190,2.117,,59.406,,,54.742,active,tracking,110.59,0,,,,
367,1777426459.837833,2.117,2.071,,60.721,,1.425,54.736,active,tracking,104.76,1,-1.72,-0.44,2,
368,1777426459.867169,1.997,2.075,,29.204,,,24.831,settle,tracking,67.35,,,,,1
369,1777426459.896259,1.985,2.071,,28.951,,,24.591,settle,tracking,63.07,,,,,0
370,1777426459.925477,2.016,2.034,,29.074,,,24.659,active,tracking,58.93,0,,,,
371,1777426459.954657,1.960,2.060,,29.041,,,24.675,active,tracking,54.74,0,,,,
372,1777426459.986408,2.517,2.054,,31.598,,,24.656,active,lost,53.10,0,,,,
373,1777426459.995529,4.456,2.014,2.242,8.967,,,,active,acquiring,28.89,0,,,,
374,1777426460.042322,27.877,2.048,1.827,46.622,13.101,1.402,,active,tracking,42.33,1,-6.00,0.60,2,
375,1777426460.184716,14.399,2.116,,142.250,,,125.405,settle,tracking,151.34,,,,,1
376,1777426460.425878,2.174,2.231,,241.007,,,236.280,settle,tracking,292.41,,,,,0
377,1777426460.665090,2.031,2.029,,239.062,,,234.685,active,tracking,264.71,0,,,,
378,1777426460.903380,2.066,1.999,,238.144,,,233.745,active,tracking,269.45,0,,,,
379,1777426461.029090,2.115,2.034,,125.550,,,118.961,active,lost,161.60,0,,,,
380,1777426461.036306,2.132,2.048,2.610,7.067,,,,active,acquiring,35.37,0,,,,
381,1777426461.092645,21.558,2.014,2.117,56.185,28.502,1.394,,active,tracking,58.35,1,-8.40,0.68,3,
382,1777426461.350142,2.033,2.169,,257.367,,,252.844,settle,tracking,282.47,,,,,2
383,1777426461.838261,2.120,2.128,,487.969,,,483.400,settle,tracking,537.04,,,,,1
384,1777426462.325118,2.082,2.055,,486.703,,,482.263,settle,tracking,523.43,,,,,0
385,1777426462.810643,2.086,2.046,,485.382,,,480.921,active,tracking,541.85,0,,,,
386,1777426463.065094,2.081,2.065,,254.275,,,246.318,active,lost,295.82,0,,,,
387,1777426463.072421,2.102,2.061,2.732,7.159,,,,active,acquiring,36.22,0,,,,
388,1777426463.108854,21.190,2.016,2.124,36.253,10.567,,,active,tracking,39.31,0,,,,
389,1777426463.243378,20.272,2.064,,134.375,,,111.728,active,tracking,140.47,0,,,,
390,1777426463.407765,2.036,2.038,,164.235,,,159.839,active,tracking,204.76,0,,,,
391,1777426463.566957,2.097,2.038,,159.036,,,154.580,active,tracking,197.13,0,,,,
392,1777426463.725745,2.005,2.069,,158.629,,,154.194,active,tracking,189.09,0,,,,
393,1777426463.888128,2.449,2.065,,162.226,,,152.944,active,lost,218.01,0,,,,
394,1777426463.895216,2.318,2.093,2.266,6.938,,,,active,acquiring,58.29,0,,,,
395,1777426463.904546,1.969,2.060,1.738,9.200,1.671,1.405,,active,tracking,34.25,1,4.20,3.12,2,
396,1777426463.952778,22.421,2.011,,48.091,,,23.308,settle,tracking,49.12,,,,,1
397,1777426464.001538,8.209,2.043,,48.601,,,37.884,settle,tracking,64.49,,,,,0
398,1777426464.044242,2.016,2.112,,42.556,,1.422,36.638,active,tracking,73.87,1,4.36,2.96,2,
399,1777426464.084665,2.073,2.018,,40.253,,,35.834,settle,tracking,80.91,,,,,1
400,1777426464.128489,2.259,2.066,,43.670,,,38.782,settle,tracking,91.38,,,,,0
401,1777426464.170802,2.127,2.003,,42.182,,1.485,36.207,active,tracking,100.32,1,4.00,2.08,2,
402,1777426464.211826,1.986,2.046,,40.894,,,36.517,settle,tracking,74.61,,,,,1
403,1777426464.252697,2.138,2.041,,40.707,,,36.171,settle,tracking,82.12,,,,,0
404,1777426464.295648,2.265,2.089,,42.784,,1.373,36.625,active,tracking,91.73,1,3.60,0.76,2,
405,1777426464.336201,1.946,1.999,,40.425,,,36.139,settle,tracking,65.52,,,,,1
406,1777426464.377533,2.096,2.019,,41.171,,,36.651,settle,tracking,73.50,,,,,0
407,1777426464.419396,2.087,2.052,,41.708,,1.411,35.791,active,tracking,82.01,1,3.12,0.16,2,
408,1777426464.460653,2.163,2.078,,41.118,,,36.456,settle,tracking,89.89,,,,,1
409,1777426464.502110,2.353,2.065,,41.069,,,36.317,settle,tracking,64.61,,,,,0
410,1777426464.544833,2.090,2.081,,42.567,,1.419,36.613,active,tracking,74.00,1,2.64,0.32,2,
411,1777426464.585140,2.042,2.011,,40.171,,,35.794,settle,tracking,80.92,,,,,1
412,1777426464.626507,2.261,2.120,,41.212,,,36.439,settle,tracking,88.91,,,,,0
413,1777426464.669060,2.163,2.047,,42.228,,1.404,36.255,active,tracking,98.10,1,2.24,0.44,2,
414,1777426464.710411,2.013,2.042,,41.218,,,36.819,settle,tracking,72.73,,,,,1
415,1777426464.751122,2.073,2.075,,40.547,,,36.047,settle,tracking,80.07,,,,,0
416,1777426464.793664,2.176,2.082,,42.383,,1.475,36.250,active,tracking,89.27,1,1.76,0.40,2,
417,1777426464.834908,2.276,2.032,,40.918,,,36.267,settle,tracking,63.77,,,,,1
418,1777426464.875939,2.032,2.049,,40.877,,,36.451,settle,tracking,71.43,,,,,0
419,1777426464.916965,2.146,2.007,,40.863,,,36.307,active,tracking,79.09,0,,,,
420,1777426464.959101,2.072,2.231,,41.107,,,36.414,active,tracking,87.85,0,,,,
421,1777426465.000331,2.346,2.040,,41.052,,,36.327,active,tracking,95.74,0,,,,
422,1777426465.041503,2.054,1.990,,41.014,,,36.565,active,tracking,70.17,0,,,,
423,1777426465.082188,2.067,2.044,,40.530,,,36.048,active,tracking,77.49,0,,,,
424,1777426465.124851,2.112,2.111,,42.499,,,37.907,active,tracking,86.79,0,,,,
425,1777426465.167534,2.277,2.096,,42.516,,1.416,36.363,active,tracking,96.13,1,1.44,-0.08,2,
426,1777426465.208529,1.985,2.016,,40.862,,,36.515,settle,tracking,70.38,,,,,1
427,1777426465.249193,2.109,2.011,,40.505,,,36.042,settle,tracking,77.67,,,,,0
428,1777426465.291747,2.181,2.088,,42.395,,1.441,36.305,active,tracking,86.88,1,1.92,-0.16,2,
429,1777426465.332801,2.195,2.341,,40.914,,,36.049,settle,tracking,94.56,,,,,1
430,1777426465.373745,2.099,1.974,,40.787,,,36.368,settle,tracking,68.77,,,,,0
431,1777426465.415798,2.077,2.071,,41.897,,1.423,35.961,active,tracking,77.48,1,2.04,-0.28,2,
432,1777426465.456777,2.067,2.055,,40.843,,,36.358,settle,tracking,85.07,,,,,1
433,1777426465.497755,2.257,2.444,,40.806,,,35.776,settle,tracking,92.69,,,,,0
434,1777426465.540013,2.023,2.061,,42.105,,1.415,36.236,active,tracking,68.23,1,1.76,-0.36,2,
435,1777426465.580751,2.045,2.017,,40.606,,,36.204,settle,tracking,75.57,,,,,1
436,1777426465.622078,2.129,2.559,,41.165,,,36.115,settle,tracking,83.55,,,,,0
437,1777426465.663284,2.218,2.127,,41.040,,,36.354,active,tracking,91.40,0,,,,
438,1777426465.704149,2.098,1.995,,40.707,,,36.271,active,tracking,65.53,0,,,,
439,1777426465.745613,2.104,2.032,,41.303,,,36.761,active,tracking,73.63,0,,,,
440,1777426465.786068,2.069,2.075,,40.301,,,35.823,active,tracking,80.70,0,,,,
441,1777426465.827376,2.195,2.116,,41.152,,,36.431,active,tracking,88.66,0,,,,
442,1777426465.868698,2.544,2.014,,41.160,,,36.262,active,tracking,96.62,0,,,,
443,1777426465.909705,2.040,2.012,,40.849,,,36.383,active,tracking,70.90,0,,,,
444,1777426465.950366,2.065,2.078,,40.505,,,36.015,active,tracking,78.19,0,,,,
445,1777426465.991537,2.130,2.042,,41.007,,,36.462,active,tracking,86.00,0,,,,
446,1777426466.032768,2.297,2.422,,41.064,,,36.008,active,tracking,93.87,0,,,,
447,1777426466.073814,2.074,2.003,,40.884,,,36.464,active,tracking,68.19,0,,,,
448,1777426466.116243,2.068,2.068,,42.219,,,37.428,active,tracking,77.21,0,,,,
449,1777426466.158060,2.775,1.988,,41.553,,,36.429,active,tracking,85.70,0,,,,
450,1777426466.200880,2.297,2.443,,42.656,,1.414,36.153,active,tracking,95.18,1,-1.40,-0.16,2,
451,1777426466.242020,2.002,1.956,,41.007,,,36.707,settle,tracking,69.57,,,,,1
452,1777426466.282641,2.051,2.067,,40.461,,,36.003,settle,tracking,76.82,,,,,0
453,1777426466.325133,2.128,2.100,,42.329,,1.430,36.261,active,tracking,85.96,1,-2.00,-0.12,2,
454,1777426466.366578,2.215,2.626,,41.304,,,36.138,settle,tracking,94.03,,,,,1
455,1777426466.407613,2.049,2.030,,40.872,,,36.450,settle,tracking,68.34,,,,,0
456,1777426466.449867,2.090,2.009,,42.091,,1.420,36.213,active,tracking,77.24,1,-2.68,0.12,2,
457,1777426466.490711,2.032,2.089,,40.707,,,36.223,settle,tracking,84.70,,,,,1
458,1777426466.531640,2.241,2.118,,40.756,,,36.058,settle,tracking,92.27,,,,,0
459,1777426466.573672,2.106,1.992,,41.873,,1.401,36.015,active,tracking,67.59,1,-2.88,0.32,2,
460,1777426466.614545,1.990,2.065,,40.739,,,36.342,settle,tracking,75.08,,,,,1
461,1777426466.655398,2.083,2.077,,40.689,,,36.166,settle,tracking,82.57,,,,,0
462,1777426466.697886,2.132,2.087,,42.340,,1.405,36.348,active,tracking,91.72,1,-2.92,0.60,2,
463,1777426466.738589,1.927,2.036,,40.577,,,36.274,settle,tracking,65.66,,,,,1
464,1777426466.779797,2.069,2.063,,41.049,,,36.571,settle,tracking,73.51,,,,,0
465,1777426466.821701,2.134,2.004,,41.742,,1.422,35.838,active,tracking,82.06,1,-2.84,0.68,2,
466,1777426466.862845,2.134,2.131,,41.005,,,36.315,settle,tracking,89.84,,,,,1
467,1777426466.904219,2.359,1.987,,40.981,,,36.295,settle,tracking,64.48,,,,,0
468,1777426466.946906,2.103,2.026,,42.529,,1.405,36.567,active,tracking,73.81,1,-3.00,1.32,2,
469,1777426466.987381,2.011,2.053,,40.337,,,35.939,settle,tracking,80.91,,,,,1
470,1777426467.028689,2.273,2.054,,41.137,,,36.415,settle,tracking,88.85,,,,,0
471,1777426467.071345,2.198,1.993,,42.334,,1.414,36.370,active,tracking,98.15,1,-3.20,1.12,2,
472,1777426467.113769,2.031,2.028,,42.275,,,37.457,settle,tracking,73.81,,,,,1
473,1777426467.156552,3.595,2.204,,42.545,,,36.381,settle,tracking,83.25,,,,,0
474,1777426467.199144,2.257,2.069,,42.424,,1.396,36.356,active,tracking,92.50,1,-3.08,0.88,2,
475,1777426467.219525,1.953,2.028,,20.252,,,15.966,settle,tracking,46.14,,,,,1
476,1777426467.248819,10.890,2.002,,29.152,,,15.950,settle,tracking,42.06,,,,,0
477,1777426467.303806,14.827,2.053,,54.841,,1.421,36.182,active,tracking,63.70,1,-3.00,0.92,2,
478,1777426467.344696,1.998,2.027,,40.765,,,36.393,settle,tracking,71.21,,,,,1
479,1777426467.385686,2.117,2.033,,40.821,,,36.238,settle,tracking,78.83,,,,,0
480,1777426467.429051,2.072,2.143,,42.319,,1.426,36.290,active,tracking,88.86,1,-2.76,0.64,2,
481,1777426467.470041,2.153,2.080,,40.856,,,36.285,settle,tracking,96.46,,,,,1
482,1777426467.511031,2.010,2.066,,40.834,,,36.418,settle,tracking,70.73,,,,,0
483,1777426467.553209,2.085,2.043,,42.020,,1.435,36.070,active,tracking,79.56,1,-2.68,0.36,2,
484,1777426467.594292,2.035,2.287,,40.945,,,36.261,settle,tracking,87.25,,,,,1
485,1777426467.635568,2.213,2.365,,41.107,,,36.199,settle,tracking,95.17,,,,,0
486,1777426467.678047,2.064,2.002,,42.320,,1.455,36.432,active,tracking,70.94,1,-2.80,0.12,2,
487,1777426467.718600,2.024,2.039,,40.416,,,36.013,settle,tracking,78.10,,,,,1
488,1777426467.759750,2.128,2.059,,40.989,,,36.439,settle,tracking,85.88,,,,,0
489,1777426467.802451,2.343,2.253,,42.537,,1.423,36.163,active,tracking,95.25,1,-2.80,0.12,2,
490,1777426467.823113,1.955,2.044,,20.528,,,16.208,settle,tracking,49.16,,,,,1
491,1777426467.850219,8.641,2.055,,26.948,,,15.941,settle,tracking,42.90,,,,,0
492,1777426467.882424,13.761,2.051,,32.057,,,15.927,active,tracking,41.75,0,,,,
493,1777426467.915776,14.984,2.006,,33.205,,,15.899,active,tracking,41.73,0,,,,
494,1777426467.950793,15.109,1.998,,34.863,,,15.905,active,lost,43.38,0,,,,
495,1777426467.968467,13.329,2.081,1.874,17.529,,,,active,acquiring,27.70,0,,,,
496,1777426468.001645,29.043,2.036,1.676,33.028,,,,active,searching,27.51,0,,,,
497,1777426468.035059,29.219,2.013,1.757,33.230,,,,active,searching,27.56,0,,,,
498,1777426468.068276,29.049,2.131,1.637,33.068,,,,active,acquiring,27.41,0,,,,
499,1777426468.102185,29.828,2.014,1.642,33.741,,,,active,searching,27.96,0,,,,
500,1777426468.137180,30.922,2.089,1.580,34.837,,,,active,acquiring,29.59,0,,,,
501,1777426468.170776,27.103,2.052,1.589,33.445,0.887,1.476,,active,tracking,29.83,1,-2.04,2.36,2,
502,1777426468.216154,26.895,2.017,,45.241,,,15.742,settle,tracking,41.83,,,,,1
503,1777426468.256411,14.956,2.016,,40.109,,,22.795,settle,tracking,48.72,,,,,0
504,1777426468.290973,8.758,2.049,,34.394,,1.402,21.742,active,tracking,49.94,1,-1.80,2.16,2,
505,1777426468.322900,7.556,1.996,,31.785,,,21.905,settle,tracking,48.47,,,,,1
506,1777426468.356294,9.076,2.066,,33.226,,,21.747,settle,tracking,48.50,,,,,0
507,1777426468.390090,8.824,2.043,,33.629,,,22.405,active,tracking,48.94,0,,,,
508,1777426468.424437,9.900,2.057,,34.181,,,21.889,active,tracking,49.92,0,,,,
509,1777426468.456789,7.977,2.047,,32.182,,,21.814,active,tracking,48.91,0,,,,
510,1777426468.489846,8.704,2.014,,32.887,,,21.829,active,tracking,48.60,0,,,,
511,1777426468.523280,9.083,1.997,,33.272,,,21.849,active,tracking,48.67,0,,,,
512,1777426468.556440,8.813,2.065,,32.992,,,21.787,active,tracking,48.47,0,,,,
513,1777426468.591526,9.234,2.002,,34.918,,1.430,21.861,active,tracking,50.21,1,1.64,-0.12,2,
514,1777426468.623004,7.201,2.010,,31.335,,,21.796,settle,tracking,48.30,,,,,1
515,1777426468.656669,9.281,2.056,,33.498,,,21.822,settle,tracking,48.59,,,,,0
516,1777426468.691186,8.664,2.019,,34.350,,1.423,21.889,active,tracking,49.78,1,2.48,-0.48,2,
517,1777426468.723066,7.500,2.035,,31.738,,,21.868,settle,tracking,48.26,,,,,1
518,1777426468.756458,9.079,2.053,,33.223,,,21.762,settle,tracking,48.29,,,,,0
519,1777426468.791922,9.542,2.020,,35.296,,1.429,21.943,active,tracking,50.42,1,3.04,-0.84,2,
520,1777426468.823140,6.908,2.013,,31.080,,,21.827,settle,tracking,48.25,,,,,1
521,1777426468.856729,9.192,2.053,,33.423,,,21.840,settle,tracking,48.47,,,,,0
522,1777426468.891480,8.899,2.017,,34.582,,1.425,21.885,active,tracking,49.88,1,3.32,-1.12,2,
523,1777426468.923565,7.836,2.048,,31.941,,,21.722,settle,tracking,48.58,,,,,1
524,1777426468.956723,8.753,2.062,,32.982,,,21.838,settle,tracking,48.37,,,,,0
525,1777426468.991539,8.911,2.033,,34.648,,1.425,21.918,active,tracking,49.84,1,3.24,-0.68,2,
526,1777426469.023386,7.523,2.026,,31.705,,,21.833,settle,tracking,48.31,,,,,1
527,1777426469.056981,9.163,2.053,,33.425,,,21.873,settle,tracking,48.53,,,,,0
528,1777426469.091908,9.048,2.030,,34.760,,1.426,21.899,active,tracking,50.12,1,3.12,-0.40,2,
529,1777426469.127268,7.700,2.050,,35.215,,,25.124,settle,tracking,52.10,,,,,1
530,1777426469.159058,7.269,2.003,,31.625,,,22.027,settle,tracking,50.52,,,,,0
531,1777426469.191998,6.834,2.018,,32.776,,1.426,22.141,active,tracking,50.12,1,2.92,-0.40,2,
532,1777426469.223583,7.274,2.065,,31.444,,,21.794,settle,tracking,48.31,,,,,1
533,1777426469.259126,11.014,2.022,,35.369,,,21.999,settle,tracking,50.49,,,,,0
534,1777426469.291709,6.746,2.013,,32.415,,1.426,21.877,active,tracking,49.74,1,2.64,-0.20,2,
535,1777426469.323857,7.794,2.062,,32.009,,,21.813,settle,tracking,48.50,,,,,1
536,1777426469.357033,8.804,2.054,,33.002,,,21.820,settle,tracking,48.31,,,,,0
537,1777426469.392104,9.260,2.005,,34.907,,1.431,21.850,active,tracking,50.03,1,2.40,-0.20,2,
538,1777426469.423868,7.395,2.071,,31.622,,,21.832,settle,tracking,48.42,,,,,1
539,1777426469.457845,9.546,2.014,,33.807,,,21.903,settle,tracking,49.02,,,,,0
540,1777426469.491891,7.206,2.035,,32.898,,1.420,21.886,active,tracking,49.73,1,2.16,0.08,2,
541,1777426469.523825,7.568,2.056,,31.795,,,21.825,settle,tracking,48.28,,,,,1
542,1777426469.559105,10.865,2.010,,35.123,,,21.920,settle,tracking,50.19,,,,,0
543,1777426469.591886,6.887,2.004,,32.617,,1.424,21.925,active,tracking,49.63,1,2.12,0.16,2,
544,1777426469.623803,7.708,2.057,,31.772,,,21.691,settle,tracking,48.16,,,,,1
545,1777426469.659497,11.180,2.005,,35.501,,,21.986,settle,tracking,50.49,,,,,0
546,1777426469.692165,6.927,2.005,,32.499,,1.419,21.792,active,tracking,49.82,1,2.28,0.12,2,
547,1777426469.724090,7.535,2.049,,31.784,,,21.870,settle,tracking,48.35,,,,,1
548,1777426469.757617,9.189,2.006,,33.355,,,21.766,settle,tracking,48.51,,,,,0
549,1777426469.792667,9.336,2.021,,34.890,,1.420,21.754,active,tracking,50.22,1,2.28,0.20,2,
550,1777426469.824059,7.104,2.051,,31.245,,,21.761,settle,tracking,48.23,,,,,1
551,1777426469.857948,9.506,2.003,,33.724,,,21.872,settle,tracking,48.75,,,,,0
552,1777426469.892280,8.592,2.014,,34.168,,1.427,21.786,active,tracking,49.74,1,2.56,0.12,2,
553,1777426469.924223,7.568,2.054,,31.803,,,21.849,settle,tracking,48.30,,,,,1
554,1777426469.958351,9.784,1.998,,33.957,,,21.843,settle,tracking,49.07,,,,,0
555,1777426469.979285,8.489,2.005,,20.765,,,9.954,active,tracking,36.64,0,,,,
556,1777426470.011696,19.947,2.113,,32.256,,,9.910,active,tracking,35.69,0,,,,
557,1777426470.045233,21.057,2.060,,33.382,,,9.961,active,tracking,35.85,0,,,,
558,1777426470.078344,20.680,2.014,,32.911,,,9.912,active,tracking,35.60,0,,,,
559,1777426470.113687,21.746,2.048,,35.181,,,10.554,active,lost,37.55,0,,,,
560,1777426470.139364,21.181,2.013,2.001,25.458,,,,active,acquiring,29.90,0,,,,
561,1777426470.177554,26.775,2.018,1.923,38.049,5.537,1.426,,active,tracking,34.74,1,-3.32,-1.80,2,
562,1777426470.274586,21.856,2.048,,96.892,,,72.666,settle,tracking,98.39,,,,,1
563,1777426470.394767,1.986,2.082,,120.036,,,115.616,settle,tracking,151.84,,,,,0
564,1777426470.451427,2.218,2.140,,56.495,,,51.827,active,tracking,108.39,0,,,,
565,1777426470.508599,2.065,2.034,,57.035,,,52.633,active,tracking,98.85,0,,,,
566,1777426470.565520,2.032,2.055,,56.780,,,52.090,active,tracking,89.04,0,,,,
567,1777426470.622112,2.220,2.086,,56.461,,,51.827,active,tracking,78.90,0,,,,
568,1777426470.681830,2.039,2.194,,59.567,,,52.559,active,lost,105.25,0,,,,
569,1777426470.688726,2.065,2.064,2.281,6.745,,,,active,acquiring,45.41,0,,,,
570,1777426470.707225,11.492,2.078,1.612,18.329,1.437,1.406,,active,tracking,30.57,1,3.40,-5.12,2,
571,1777426470.751135,26.331,2.009,,43.771,,,14.848,settle,tracking,41.10,,,,,1
572,1777426470.798467,16.178,2.040,,47.177,,,28.570,settle,tracking,55.06,,,,,0
573,1777426470.832955,2.202,2.071,,34.133,,1.449,28.030,active,tracking,56.21,1,3.56,-4.88,2,
574,1777426470.865327,1.887,2.016,,32.251,,,27.978,settle,tracking,55.20,,,,,1
575,1777426470.898235,2.207,2.047,,32.537,,,27.878,settle,tracking,54.74,,,,,0
576,1777426470.932769,2.526,2.027,,34.347,,1.539,27.876,active,tracking,55.93,1,2.72,-3.60,2,
577,1777426470.965418,1.904,2.002,,32.523,,,28.191,settle,tracking,55.16,,,,,1
578,1777426470.998519,2.521,2.102,,32.936,,,27.960,settle,tracking,54.93,,,,,0
579,1777426471.033013,2.586,2.043,,34.323,,1.450,27.855,active,tracking,56.09,1,1.96,-2.40,2,
580,1777426471.065225,1.881,1.995,,32.088,,,27.905,settle,tracking,54.91,,,,,1
581,1777426471.098995,3.209,2.044,,33.535,,,27.879,settle,tracking,55.32,,,,,0
582,1777426471.134153,2.826,2.019,,35.008,,1.449,28.382,active,tracking,57.13,1,1.52,-1.16,2,
583,1777426471.166820,2.200,2.109,,32.361,,,27.748,settle,tracking,56.42,,,,,1
584,1777426471.199356,2.012,2.049,,32.398,,,27.830,settle,tracking,55.59,,,,,0
585,1777426471.232140,2.128,1.989,,32.648,,,28.140,active,tracking,55.00,0,,,,
586,1777426471.264790,2.218,2.026,,32.302,,,27.763,active,tracking,54.29,0,,,,
587,1777426471.298532,3.253,2.082,,33.558,,,27.827,active,tracking,54.66,0,,,,
588,1777426471.331508,2.613,2.045,,32.808,,,27.810,active,tracking,54.27,0,,,,
589,1777426471.364693,2.843,2.007,,33.007,,,27.789,active,tracking,54.10,0,,,,
590,1777426471.397981,2.895,2.045,,33.105,,,27.826,active,tracking,54.02,0,,,,
591,1777426471.431306,2.910,2.044,,33.141,,,27.820,active,tracking,53.98,0,,,,
592,1777426471.465132,3.425,2.013,,33.640,,,27.846,active,tracking,54.43,0,,,,
593,1777426471.498274,2.675,2.053,,32.956,,,27.855,active,tracking,54.22,0,,,,
594,1777426471.531478,2.760,2.051,,33.033,,,27.894,active,tracking,54.06,0,,,,
595,1777426471.564765,2.896,1.998,,33.064,,,27.800,active,tracking,53.98,0,,,,
596,1777426471.598130,2.934,2.072,,33.184,,,27.844,active,tracking,53.98,0,,,,
597,1777426471.631554,2.964,2.065,,33.249,,,27.849,active,tracking,54.04,0,,,,
598,1777426471.664749,2.914,2.008,,33.016,,,27.769,active,tracking,53.87,0,,,,
599,1777426471.698328,3.087,2.062,,33.408,,,27.892,active,tracking,54.09,0,,,,
600,1777426471.732382,2.039,2.028,,32.358,,,27.916,active,tracking,54.77,0,,,,
601,1777426471.765319,2.584,2.002,,32.756,,,27.790,active,tracking,54.34,0,,,,
602,1777426471.798981,3.157,2.050,,33.455,,,27.878,active,tracking,54.64,0,,,,
603,1777426471.832002,2.569,2.015,,32.849,,,27.885,active,tracking,54.30,0,,,,
604,1777426471.865165,2.724,2.002,,32.984,,,27.932,active,tracking,54.10,0,,,,
605,1777426471.898493,2.878,2.065,,33.143,,,27.823,active,tracking,54.06,0,,,,
606,1777426471.931746,2.918,2.000,,33.078,,,27.833,active,tracking,53.95,0,,,,
607,1777426471.965134,2.987,1.992,,33.200,,,27.851,active,tracking,53.97,0,,,,
608,1777426471.998646,2.980,2.155,,33.336,,,27.870,active,tracking,54.12,0,,,,
609,1777426472.032018,2.930,2.018,,33.192,,,27.876,active,tracking,54.13,0,,,,
610,1777426472.065243,2.898,2.021,,33.047,,,27.804,active,tracking,53.99,0,,,,
611,1777426472.098699,2.785,2.064,,33.118,,,27.877,active,tracking,54.08,0,,,,
612,1777426472.133080,3.489,2.013,,34.200,,,28.390,active,tracking,55.10,0,,,,
613,1777426472.167629,4.250,2.013,,34.383,,,27.809,active,tracking,56.28,0,,,,
614,1777426472.200215,2.029,2.004,,32.445,,,27.906,active,tracking,55.51,0,,,,
615,1777426472.233022,2.133,2.001,,32.670,,,28.137,active,tracking,54.94,0,,,,
616,1777426472.266004,2.541,2.059,,32.815,,,27.850,active,tracking,54.56,0,,,,
617,1777426472.299134,2.612,2.032,,32.950,,,27.929,active,tracking,54.33,0,,,,
618,1777426472.332225,2.692,2.009,,32.913,,,27.878,active,tracking,54.05,0,,,,
619,1777426472.367197,2.957,2.052,,34.796,,1.536,27.803,active,tracking,55.68,1,-1.44,-1.12,2,
620,1777426472.399483,1.866,2.035,,32.156,,,27.939,settle,tracking,54.58,,,,,1
621,1777426472.432764,2.882,2.014,,33.097,,,27.813,settle,tracking,54.49,,,,,0
622,1777426472.468519,2.965,2.258,,35.585,,1.364,28.469,active,tracking,56.91,1,-2.04,-1.36,2,
623,1777426472.500983,1.933,2.003,,32.342,,,28.047,settle,tracking,55.99,,,,,1
624,1777426472.520457,3.275,2.054,,19.300,,,13.708,settle,tracking,42.10,,,,,0
625,1777426472.551258,14.570,2.009,,30.645,,,13.757,active,tracking,39.54,0,,,,
626,1777426472.584477,17.035,2.053,,33.068,,,13.716,active,tracking,39.39,0,,,,
627,1777426472.618031,17.319,2.007,,33.398,,,13.768,active,tracking,39.58,0,,,,
628,1777426472.651458,17.130,2.023,,33.274,,,13.710,active,lost,39.65,0,,,,
629,1777426472.672801,16.936,2.055,1.954,21.190,,,,active,acquiring,27.63,0,,,,
630,1777426472.716002,29.001,1.998,1.756,43.045,9.939,,,active,tracking,37.45,0,,,,
631,1777426472.867848,19.200,2.062,,151.683,,,130.129,active,tracking,155.95,0,,,,
632,1777426473.076009,2.065,2.025,,208.025,,,203.608,active,tracking,264.01,0,,,,
633,1777426473.280522,2.091,2.054,,204.353,,,199.877,active,tracking,234.97,0,,,,
634,1777426473.484175,2.123,2.021,,203.472,,,198.990,active,tracking,238.44,0,,,,
635,1777426473.694078,2.127,2.053,,209.724,,,199.684,active,lost,248.14,0,,,,
636,1777426473.702282,2.253,2.323,3.196,8.047,,,,active,acquiring,56.17,0,,,,
637,1777426473.714112,2.021,2.078,1.687,11.653,3.820,1.428,,active,tracking,34.65,1,-11.20,1.36,4,
638,1777426473.788741,21.979,2.229,,74.491,,,49.975,settle,tracking,75.90,,,,,3
639,1777426473.868912,2.062,2.195,,80.024,,,75.276,settle,tracking,122.71,,,,,2
640,1777426473.906282,2.151,2.004,,37.239,,,32.795,settle,tracking,93.33,,,,,1
641,1777426473.943357,1.973,2.018,,36.933,,,32.641,settle,tracking,63.69,,,,,0
642,1777426473.982715,2.040,2.011,,39.214,,,32.610,active,lost,69.65,0,,,,
643,1777426473.990640,2.133,2.249,3.124,7.778,,,,active,acquiring,44.24,0,,,,
644,1777426474.020642,12.519,2.091,1.754,29.845,11.434,1.405,,active,tracking,40.89,1,-7.76,0.24,3,
645,1777426474.150558,17.445,2.205,,129.752,,,109.775,settle,tracking,137.43,,,,,2
646,1777426474.363125,2.037,2.088,,212.414,,,207.925,settle,tracking,249.90,,,,,1
647,1777426474.572795,2.301,2.118,,209.503,,,204.741,settle,tracking,259.39,,,,,0
648,1777426474.783582,2.101,2.023,,210.626,,1.413,204.725,active,tracking,236.64,1,-7.20,-0.32,2,
649,1777426474.993478,2.049,2.062,,209.766,,,205.251,settle,tracking,246.33,,,,,1
650,1777426475.103032,2.083,2.190,,109.419,,,104.865,settle,tracking,155.71,,,,,0
651,1777426475.315563,2.147,2.081,,212.398,,1.404,206.399,active,tracking,234.79,1,-7.52,-0.36,3,
652,1777426475.525491,2.022,2.062,,209.795,,,205.303,settle,tracking,244.51,,,,,2
653,1777426475.635370,2.080,2.169,,109.724,,,105.143,settle,tracking,154.20,,,,,1
654,1777426475.744624,2.608,2.036,,109.102,,,104.179,settle,tracking,163.37,,,,,0
655,1777426475.853619,1.980,2.048,,108.867,,,104.514,active,tracking,138.90,0,,,,
656,1777426475.963167,1.991,2.083,,109.410,,,105.018,active,tracking,148.36,0,,,,
657,1777426476.074132,2.195,2.126,,110.821,,,104.284,active,lost,159.22,0,,,,
658,1777426476.080651,2.009,2.102,2.016,6.373,,,,active,acquiring,32.29,0,,,,
659,1777426476.134089,24.691,2.075,2.152,53.281,22.202,1.467,,active,tracking,52.38,1,4.36,0.96,2,
660,1777426476.361909,6.205,2.253,,226.908,,,218.141,settle,tracking,246.81,,,,,1
661,1777426476.674802,2.081,2.139,,312.750,,,308.161,settle,tracking,359.52,,,,,0
662,1777426476.983372,2.019,2.072,,308.347,,,303.928,active,tracking,367.81,0,,,,
663,1777426477.292688,2.109,2.060,,309.160,,,304.669,active,tracking,343.48,0,,,,
664,1777426477.611070,2.177,2.033,,318.226,,,303.776,active,lost,361.58,0,,,,
665,1777426477.617882,2.108,2.117,2.173,6.674,,,,active,acquiring,68.11,0,,,,
666,1777426477.632211,2.092,2.126,1.704,14.177,6.495,1.393,,active,tracking,49.09,1,10.84,6.04,4,
667,1777426477.706568,7.756,2.115,,74.223,,,63.740,settle,tracking,90.07,,,,,3
668,1777426477.831798,1.955,2.034,,125.097,,,120.749,settle,tracking,148.57,,,,,2
669,1777426477.897236,2.310,2.071,,65.265,,,60.575,settle,tracking,113.91,,,,,1
670,1777426477.962646,2.143,2.134,,65.236,,,60.675,settle,tracking,112.60,,,,,0
671,1777426478.028086,2.080,2.134,,65.311,,,60.779,active,tracking,111.31,0,,,,
672,1777426478.093239,2.089,2.049,,65.007,,,60.555,active,tracking,109.73,0,,,,
673,1777426478.159193,2.028,2.173,,65.786,,,61.217,active,lost,108.96,0,,,,
674,1777426478.166284,2.021,2.077,2.502,6.945,,,,active,acquiring,49.32,0,,,,
675,1777426478.193843,9.546,2.094,1.696,27.404,12.262,1.434,,active,tracking,43.53,1,6.68,0.96,2,
676,1777426478.384643,13.138,2.060,,190.664,,,175.160,settle,tracking,200.94,,,,,1
677,1777426478.649894,2.045,2.068,,265.107,,,260.677,settle,tracking,299.37,,,,,0
678,1777426478.907354,2.148,2.137,,257.291,,,252.649,active,tracking,289.91,0,,,,
679,1777426479.164601,2.262,2.058,,256.897,,,252.221,active,tracking,313.61,0,,,,
680,1777426479.427242,2.152,2.153,,262.486,,,250.300,active,lost,309.33,0,,,,
681,1777426479.434658,2.247,2.159,2.544,7.258,,,,active,acquiring,49.83,0,,,,
682,1777426479.454334,9.007,2.107,1.631,19.517,5.016,1.395,,active,tracking,36.16,1,3.76,-5.92,2,
683,1777426479.537093,20.576,2.061,,82.620,,,59.634,settle,tracking,85.54,,,,,1
684,1777426479.644757,2.253,2.440,,107.508,,,102.492,settle,tracking,159.84,,,,,0
685,1777426479.751563,2.077,2.009,,106.651,,1.410,100.805,active,tracking,133.21,1,2.92,-5.24,2,
686,1777426479.856741,2.147,2.068,,105.044,,,100.497,settle,tracking,138.26,,,,,1
687,1777426479.961268,2.097,2.058,,104.368,,,99.877,settle,tracking,142.71,,,,,0
688,1777426480.068460,2.067,2.400,,106.984,,1.431,100.710,active,tracking,149.81,1,1.52,-3.36,2,
689,1777426480.174807,2.158,2.144,,106.200,,,101.492,settle,tracking,156.04,,,,,1
690,1777426480.280081,2.535,2.048,,105.108,,,100.189,settle,tracking,161.24,,,,,0
691,1777426480.386407,2.049,2.064,,106.169,,1.429,100.273,active,tracking,134.12,1,0.36,-1.60,2,
692,1777426480.491344,1.964,2.092,,104.804,,,100.410,settle,tracking,138.95,,,,,1
693,1777426480.595633,2.092,2.080,,104.095,,,99.587,settle,tracking,143.14,,,,,0
694,1777426480.701783,2.165,2.052,,105.992,,1.431,99.973,active,tracking,149.21,1,-1.52,-0.64,2,
695,1777426480.806558,2.123,2.168,,104.625,,,99.979,settle,tracking,153.86,,,,,1
696,1777426480.911494,2.430,2.118,,104.757,,,99.879,settle,tracking,158.72,,,,,0
697,1777426481.018191,2.075,2.048,,106.541,,1.422,100.646,active,tracking,131.98,1,-4.04,-0.64,2,
698,1777426481.125310,1.927,2.099,,106.986,,,102.624,settle,tracking,138.99,,,,,1
699,1777426481.230066,2.038,2.106,,104.546,,,100.061,settle,tracking,143.65,,,,,0
700,1777426481.336618,2.042,2.151,,106.395,,1.430,100.387,active,tracking,150.12,1,-5.16,-0.40,2,
701,1777426481.441514,2.176,2.125,,104.752,,,100.012,settle,tracking,154.89,,,,,1
702,1777426481.546752,2.254,2.122,,105.068,,,100.357,settle,tracking,160.06,,,,,0
703,1777426481.653480,2.027,2.082,,106.569,,1.417,100.686,active,tracking,133.34,1,-6.40,-0.44,2,
704,1777426481.758793,1.998,2.069,,105.179,,,100.772,settle,tracking,138.54,,,,,1
705,1777426481.863319,2.064,2.058,,104.367,,,99.907,settle,tracking,142.98,,,,,0
706,1777426481.969276,2.120,2.066,,105.801,,1.404,99.828,active,tracking,148.85,1,-7.52,-0.44,3,
707,1777426482.074343,2.134,2.171,,104.890,,,100.232,settle,tracking,153.79,,,,,2
708,1777426482.181828,2.432,2.074,,107.305,,,102.467,settle,tracking,161.20,,,,,1
709,1777426482.233431,1.974,2.070,,51.450,,,47.067,settle,tracking,79.35,,,,,0
710,1777426482.285895,2.091,2.151,,52.328,,,47.779,active,tracking,98.45,0,,,,
711,1777426482.337638,2.005,2.067,,51.599,,,47.168,active,tracking,83.46,0,,,,
712,1777426482.389564,2.156,2.183,,51.782,,,47.091,active,tracking,102.02,0,,,,
713,1777426482.495598,2.023,2.168,,105.900,,1.415,99.940,active,tracking,141.35,1,-8.96,-0.08,3,
714,1777426482.599928,2.027,2.107,,104.192,,,99.694,settle,tracking,145.56,,,,,2
715,1777426482.652577,2.154,2.184,,52.493,,,47.858,settle,tracking,98.12,,,,,1
716,1777426482.704387,2.049,2.114,,51.669,,,47.172,settle,tracking,83.20,,,,,0
717,1777426482.756695,2.209,2.187,,52.164,,,47.462,active,tracking,102.15,0,,,,
718,1777426482.808627,2.071,2.084,,51.790,,,47.302,active,tracking,87.34,0,,,,
719,1777426482.863456,2.540,2.181,,54.676,,,46.942,active,lost,108.81,0,,,,
720,1777426482.871461,2.136,2.213,2.195,6.817,,,,active,acquiring,50.09,0,,,,
721,1777426482.882982,7.443,2.044,1.632,11.366,,,,active,searching,28.25,0,,,,
722,1777426482.915684,28.670,2.096,1.542,32.556,,,,active,searching,27.58,0,,,,
723,1777426482.948676,29.020,2.112,1.462,32.846,,,,active,searching,27.21,0,,,,
724,1777426482.982196,29.543,2.075,1.495,33.369,,,,active,searching,27.37,0,,,,
725,1777426483.015471,29.315,2.097,1.465,33.123,,,,active,searching,27.28,0,,,,
726,1777426483.048892,29.325,2.122,1.571,33.271,,,,active,searching,27.33,0,,,,
727,1777426483.082430,29.444,2.046,1.642,33.390,,,,active,searching,27.51,0,,,,
728,1777426483.120065,33.051,2.475,1.701,37.486,,,,active,acquiring,31.78,0,,,,
729,1777426483.154069,26.465,2.042,1.670,33.850,1.850,1.464,,active,tracking,32.43,1,1.00,2.12,2,
730,1777426483.209806,24.299,2.041,,55.589,,,28.531,settle,tracking,54.78,,,,,1
731,1777426483.258836,2.544,2.039,,48.872,,,43.945,settle,tracking,70.44,,,,,0
732,1777426483.307012,2.094,2.066,,48.018,,1.418,41.994,active,tracking,85.28,1,1.04,2.08,2,
733,1777426483.354480,2.169,2.138,,47.326,,,42.675,settle,tracking,99.34,,,,,1
734,1777426483.401119,2.094,2.042,,46.477,,,41.969,settle,tracking,79.27,,,,,0
735,1777426483.449619,2.181,2.130,,48.350,,1.402,42.273,active,tracking,94.43,1,1.40,1.16,2,
736,1777426483.496695,1.953,2.065,,46.941,,,42.578,settle,tracking,74.75,,,,,1
737,1777426483.544252,2.131,2.060,,47.399,,,42.618,settle,tracking,88.95,,,,,0
738,1777426483.592780,2.137,2.014,,48.396,,1.411,42.467,active,tracking,104.13,1,1.64,0.36,2,
739,1777426483.639271,2.056,2.060,,46.349,,,41.876,settle,tracking,83.87,,,,,1
740,1777426483.686604,2.306,2.082,,47.165,,,42.435,settle,tracking,97.84,,,,,0
741,1777426483.735103,2.077,2.105,,48.339,,1.427,42.303,active,tracking,79.63,1,1.68,-0.28,2,
742,1777426483.782263,2.072,2.126,,46.996,,,42.457,settle,tracking,93.41,,,,,1
743,1777426483.829736,2.033,2.101,,47.314,,,42.838,settle,tracking,74.15,,,,,0
744,1777426483.878354,2.075,2.048,,48.469,,1.456,42.480,active,tracking,89.40,1,1.72,-0.44,2,
745,1777426483.925569,2.132,2.094,,47.092,,,42.461,settle,tracking,69.88,,,,,1
746,1777426483.972357,2.114,2.057,,46.617,,,42.083,settle,tracking,83.31,,,,,0
747,1777426484.021147,2.289,2.130,,48.609,,1.412,42.408,active,tracking,98.76,1,1.60,-0.48,2,
748,1777426484.068000,2.023,2.018,,46.717,,,42.225,settle,tracking,78.86,,,,,1
749,1777426484.117705,2.166,2.130,,49.540,,,44.835,settle,tracking,95.20,,,,,0
750,1777426484.166478,1.994,2.069,,48.629,,1.420,42.775,active,tracking,77.27,1,1.80,-0.28,2,
751,1777426484.213603,2.005,2.170,,46.990,,,42.420,settle,tracking,91.01,,,,,1
752,1777426484.260581,2.059,2.040,,46.823,,,42.381,settle,tracking,71.24,,,,,0
753,1777426484.308978,2.131,2.066,,48.234,,1.411,42.244,active,tracking,86.31,1,2.36,0.72,2,
754,1777426484.356608,2.296,2.371,,47.486,,,42.466,settle,tracking,100.56,,,,,1
755,1777426484.403484,2.093,2.055,,46.722,,,42.223,settle,tracking,80.70,,,,,0
756,1777426484.452258,2.293,2.083,,48.607,,1.414,42.447,active,tracking,96.11,1,3.00,1.32,2,
757,1777426484.499541,2.031,2.047,,47.149,,,42.723,settle,tracking,76.65,,,,,1
758,1777426484.546936,2.161,2.066,,47.232,,,42.668,settle,tracking,90.69,,,,,0
759,1777426484.595455,2.073,2.083,,48.366,,1.417,42.431,active,tracking,72.50,1,3.00,0.92,2,
760,1777426484.642434,2.055,2.011,,46.839,,,42.422,settle,tracking,86.10,,,,,1
761,1777426484.690103,2.306,2.344,,47.499,,,42.488,settle,tracking,100.40,,,,,0
762,1777426484.738159,2.041,2.055,,47.902,,1.423,42.011,active,tracking,81.75,1,2.92,0.68,2,
763,1777426484.785450,2.158,2.192,,47.148,,,42.402,settle,tracking,95.66,,,,,1
764,1777426484.832719,2.069,2.031,,47.115,,,42.672,settle,tracking,76.20,,,,,0
765,1777426484.881416,2.137,2.063,,48.542,,1.372,42.445,active,tracking,91.55,1,3.40,-0.16,2,
766,1777426484.928538,1.935,2.029,,46.992,,,42.681,settle,tracking,71.92,,,,,1
767,1777426484.975595,2.127,2.060,,46.892,,,42.346,settle,tracking,85.61,,,,,0
768,1777426485.024812,2.349,2.393,,49.053,,1.413,42.541,active,tracking,101.49,1,3.68,-0.48,2,
769,1777426485.071634,2.034,2.056,,46.685,,,42.232,settle,tracking,81.56,,,,,1
770,1777426485.120588,2.306,2.061,,48.781,,,44.057,settle,tracking,97.15,,,,,0
771,1777426485.169223,2.070,2.109,,48.482,,1.425,42.499,active,tracking,79.07,1,4.04,-0.52,2,
772,1777426485.216301,2.091,2.157,,46.937,,,42.346,settle,tracking,92.77,,,,,1
773,1777426485.240690,2.107,2.050,,24.227,,,19.746,settle,tracking,50.43,,,,,0
774,1777426485.269925,7.237,2.123,,29.078,,,19.407,active,tracking,46.29,0,,,,
775,1777426485.302346,10.521,2.045,,32.281,,,19.379,active,tracking,45.36,0,,,,
776,1777426485.335864,11.745,2.007,,33.367,,,19.279,active,tracking,45.51,0,,,,
777,1777426485.368906,11.240,2.004,,32.888,,,19.275,active,lost,45.18,0,,,,
778,1777426485.384942,11.588,2.089,1.951,15.880,,,,active,acquiring,27.86,0,,,,
779,1777426485.427817,28.873,2.050,1.790,42.724,8.238,1.410,,active,tracking,37.39,1,-2.56,0.96,2,
780,1777426485.536917,18.267,2.049,,107.933,,,87.298,settle,tracking,113.11,,,,,1
781,1777426485.701453,2.100,2.141,,164.392,,,159.770,settle,tracking,210.91,,,,,0
782,1777426485.863152,2.051,2.136,,161.547,,,157.030,active,tracking,205.79,0,,,,
783,1777426486.024634,2.122,2.018,,161.322,,,156.819,active,tracking,200.45,0,,,,
784,1777426486.194051,2.055,2.063,,169.264,,,161.280,active,lost,203.03,0,,,,
785,1777426486.201957,2.154,2.204,3.112,7.749,,,,active,acquiring,44.12,0,,,,
786,1777426486.237157,12.703,2.046,1.712,35.046,16.566,1.408,,active,tracking,45.98,1,10.52,-2.60,4,
787,1777426486.402209,10.863,2.248,,164.914,,,151.471,settle,tracking,177.65,,,,,3
788,1777426486.554023,2.013,2.171,,151.669,,,147.204,settle,tracking,196.01,,,,,2
789,1777426486.704018,1.961,2.101,,149.866,,,145.493,settle,tracking,179.18,,,,,1
790,1777426486.854933,2.146,2.127,,150.747,,,146.198,settle,tracking,196.63,,,,,0
791,1777426487.004763,1.961,2.050,,149.702,,,145.381,active,tracking,179.65,0,,,,
792,1777426487.157896,2.149,2.082,,152.990,,,146.324,active,lost,199.31,0,,,,
793,1777426487.165647,2.118,2.205,3.006,7.604,,,,active,acquiring,40.25,0,,,,
794,1777426487.196547,16.671,2.063,1.909,30.737,8.051,1.408,,active,tracking,37.79,1,1.72,1.32,2,
795,1777426487.301860,19.002,2.227,,105.171,,,83.600,settle,tracking,109.73,,,,,1
796,1777426487.451792,1.996,2.194,,149.781,,,145.251,settle,tracking,192.93,,,,,0
797,1777426487.598610,2.072,2.003,,146.663,,,142.242,active,tracking,172.93,0,,,,
798,1777426487.746394,2.074,2.064,,147.624,,,143.123,active,tracking,187.25,0,,,,
799,1777426487.894752,2.299,2.088,,148.183,,1.429,141.991,active,tracking,202.17,1,0.44,1.40,2,
800,1777426487.969596,1.987,2.054,,74.712,,,70.302,settle,tracking,110.15,,,,,1
801,1777426488.044318,2.026,2.145,,74.580,,,70.099,settle,tracking,118.16,,,,,0
802,1777426488.120119,2.192,2.122,,75.661,,,71.059,active,tracking,127.25,0,,,,
803,1777426488.194463,1.971,2.019,,74.216,,,69.930,active,tracking,101.49,0,,,,
804,1777426488.271529,2.001,2.062,,76.921,,,70.267,active,lost,111.81,0,,,,
805,1777426488.279538,2.307,2.261,2.999,7.843,,,,active,acquiring,53.11,0,,,,
806,1777426488.295107,4.411,2.058,1.682,15.407,5.138,1.399,,active,tracking,35.32,1,-7.00,0.96,2,
807,1777426488.383103,21.343,2.210,,87.858,,,64.022,settle,tracking,89.95,,,,,1
808,1777426488.479277,2.030,2.054,,96.003,,,91.590,settle,tracking,152.74,,,,,0
809,1777426488.573174,2.315,2.373,,93.730,,,88.713,active,tracking,146.55,0,,,,
810,1777426488.666123,2.141,2.136,,92.799,,,88.194,active,tracking,139.40,0,,,,
811,1777426488.712684,2.050,2.047,,46.402,,,38.991,active,lost,85.86,0,,,,
812,1777426488.721435,2.431,2.493,3.370,8.593,,,,active,acquiring,61.27,0,,,,
813,1777426488.736908,2.084,2.053,1.696,15.327,7.452,1.408,,active,tracking,43.39,1,-9.00,0.96,3,
814,1777426488.836631,13.434,2.176,,99.584,,,83.664,settle,tracking,109.71,,,,,2
815,1777426488.967385,2.032,2.192,,130.607,,,126.059,settle,tracking,173.75,,,,,1
816,1777426489.095311,2.122,1.995,,127.764,,,123.314,settle,tracking,168.22,,,,,0
817,1777426489.225169,2.144,2.056,,129.686,,1.386,123.632,active,tracking,164.64,1,-8.00,-0.28,3,
818,1777426489.285647,2.006,2.015,,60.342,,,56.002,settle,tracking,91.65,,,,,2
819,1777426489.345315,1.966,2.034,,59.539,,,55.230,settle,tracking,84.58,,,,,1
820,1777426489.405298,2.184,2.135,,59.791,,,55.192,settle,tracking,111.19,,,,,0
821,1777426489.465887,2.118,2.114,,60.418,,,55.878,active,tracking,105.06,0,,,,
822,1777426489.529754,2.042,2.067,,63.720,,,55.791,active,lost,102.19,0,,,,
823,1777426489.536500,2.051,2.057,2.212,6.595,,,,active,acquiring,42.21,0,,,,
824,1777426489.569293,14.441,2.009,1.792,32.625,12.625,1.392,,active,tracking,41.65,1,-4.84,-0.36,2,
825,1777426489.707137,15.056,2.052,,137.645,,,120.191,settle,tracking,146.12,,,,,1
826,1777426489.943295,2.132,3.189,,236.010,,,230.323,settle,tracking,282.18,,,,,0
827,1777426490.064644,2.258,2.076,,121.181,,,116.537,active,tracking,169.98,0,,,,
828,1777426490.186573,2.042,2.025,,121.793,,,117.447,active,tracking,158.45,0,,,,
829,1777426490.307622,1.915,2.031,,120.922,,,116.667,active,tracking,146.05,0,,,,
830,1777426490.428980,2.122,2.098,,121.218,,,116.707,active,tracking,167.32,0,,,,
831,1777426490.552227,1.988,2.017,,123.112,,,116.848,active,lost,157.09,0,,,,
832,1777426490.560155,2.155,2.167,3.087,7.681,,,,active,acquiring,64.93,0,,,,
833,1777426490.586270,2.143,2.027,1.716,25.956,18.111,1.385,,active,tracking,57.70,1,-7.28,0.56,2,
834,1777426490.756184,1.984,2.184,,169.789,,,165.323,settle,tracking,194.23,,,,,1
835,1777426491.072048,2.013,2.013,,315.726,,,311.376,settle,tracking,343.27,,,,,0
836,1777426491.386701,2.117,2.152,,314.493,,,309.904,active,tracking,357.64,0,,,,
837,1777426491.548097,2.052,2.063,,161.238,,,156.809,active,tracking,185.39,0,,,,
838,1777426491.713705,2.239,2.786,,165.455,,,156.896,active,lost,217.53,0,,,,
839,1777426491.722147,2.196,2.360,3.411,8.248,,,,active,acquiring,59.17,0,,,,
840,1777426491.744235,2.049,2.100,1.846,21.158,13.165,1.392,,active,tracking,47.90,1,-4.56,-0.08,2,
841,1777426491.878332,9.205,2.173,,133.958,,,122.237,settle,tracking,148.60,,,,,1
842,1777426492.113667,2.171,2.110,,235.154,,,230.047,settle,tracking,283.82,,,,,0
843,1777426492.235736,4.148,2.096,,121.811,,,115.255,active,tracking,172.38,0,,,,
844,1777426492.355393,2.051,2.048,,119.520,,,115.132,active,tracking,158.58,0,,,,
845,1777426492.474656,1.996,1.961,,119.136,,,114.894,active,tracking,144.38,0,,,,
846,1777426492.594372,2.033,2.116,,119.579,,,115.141,active,tracking,164.01,0,,,,
847,1777426492.716117,1.948,2.024,,121.614,,,115.300,active,lost,152.28,0,,,,
848,1777426492.724783,2.531,2.451,3.287,8.513,,,,active,acquiring,60.86,0,,,,
849,1777426492.737130,2.121,2.005,1.639,12.183,4.332,1.431,,active,tracking,39.86,1,6.04,0.96,2,
850,1777426492.813532,16.946,2.154,,76.261,,,56.776,settle,tracking,82.87,,,,,1
851,1777426492.895694,2.130,2.128,,82.010,,,77.433,settle,tracking,131.67,,,,,0
852,1777426492.974467,2.105,2.005,,78.619,,,74.180,active,tracking,110.36,0,,,,
853,1777426493.054807,2.072,2.133,,80.183,,,75.554,active,tracking,123.97,0,,,,
854,1777426493.140599,2.058,2.038,,85.636,,,77.996,active,lost,143.02,0,,,,
855,1777426493.148868,2.186,2.228,3.399,8.114,,,,active,acquiring,51.20,0,,,,
856,1777426493.165313,6.253,1.990,1.635,16.280,4.333,1.406,,active,tracking,34.29,1,6.32,-1.12,2,
857,1777426493.244774,24.680,2.147,,79.288,,,52.126,settle,tracking,80.38,,,,,1
858,1777426493.337461,2.210,2.077,,92.530,,,87.846,settle,tracking,139.70,,,,,0
859,1777426493.384139,2.063,2.044,,46.526,,,42.101,active,tracking,86.28,0,,,,
860,1777426493.431085,2.242,2.355,,46.795,,,41.901,active,tracking,99.87,0,,,,
861,1777426493.477461,2.007,2.045,,46.235,,,41.846,active,tracking,79.52,0,,,,
862,1777426493.524189,2.057,2.144,,46.596,,,42.114,active,tracking,92.89,0,,,,
863,1777426493.570385,1.911,1.997,,46.067,,,41.827,active,lost,72.35,0,,,,
864,1777426493.577228,2.008,2.070,2.300,6.699,,,,active,acquiring,45.80,0,,,,
865,1777426493.601740,13.126,1.992,1.857,24.329,5.576,1.411,,active,tracking,36.99,1,8.52,-0.88,3,
866,1777426493.689531,19.793,2.012,,87.658,,,65.524,settle,tracking,91.41,,,,,2
867,1777426493.808641,1.910,2.000,,118.981,,,114.739,settle,tracking,143.79,,,,,1
868,1777426493.865684,2.101,2.061,,56.897,,,52.435,settle,tracking,100.73,,,,,0
869,1777426493.922068,2.006,2.056,,56.248,,,51.902,active,tracking,90.39,0,,,,
870,1777426493.978311,1.962,2.045,,56.116,,,51.801,active,tracking,79.90,0,,,,
871,1777426494.035380,2.121,2.184,,56.929,,,52.313,active,tracking,103.60,0,,,,
872,1777426494.094912,2.055,2.010,,59.391,,,52.313,active,lost,96.39,0,,,,
873,1777426494.103012,2.111,2.202,3.354,7.955,,,,active,acquiring,37.77,0,,,,
874,1777426494.127762,20.774,2.087,1.484,24.596,,,,active,searching,29.16,0,,,,
875,1777426494.159215,27.558,2.052,1.462,31.300,,,,active,searching,27.26,0,,,,
876,1777426494.192578,29.483,2.056,1.457,33.219,,,,active,searching,27.25,0,,,,
877,1777426494.226413,29.949,2.005,1.488,33.688,,,,active,searching,27.72,0,,,,
878,1777426494.259326,28.962,2.053,1.508,32.746,,,,active,searching,27.27,0,,,,
879,1777426494.292508,29.192,2.072,1.534,33.021,,,,active,searching,27.08,0,,,,
880,1777426494.326177,29.702,2.011,1.582,33.530,,,,active,searching,27.38,0,,,,
881,1777426494.359531,29.328,2.053,1.594,33.206,,,,active,searching,27.38,0,,,,
882,1777426494.392757,29.329,2.045,1.480,33.078,,,,active,searching,27.24,0,,,,
883,1777426494.426135,29.435,2.001,1.564,33.228,,,,active,searching,27.26,0,,,,
884,1777426494.459331,29.285,2.052,1.489,33.050,,,,active,searching,27.09,0,,,,
885,1777426494.492756,29.540,2.047,1.474,33.286,,,,active,searching,27.14,0,,,,
886,1777426494.526355,29.738,2.006,1.476,33.461,,,,active,searching,27.38,0,,,,
887,1777426494.559520,29.317,2.049,1.429,33.020,,,,active,searching,27.18,0,,,,
888,1777426494.592760,29.436,2.053,1.382,33.094,,,,active,searching,27.05,0,,,,
889,1777426494.626555,30.038,1.999,1.333,33.621,,,,active,searching,27.48,0,,,,
890,1777426494.659491,29.132,2.058,1.379,32.791,,,,active,searching,27.06,0,,,,
891,1777426494.692991,29.643,2.104,1.385,33.356,,,,active,searching,27.19,0,,,,
892,1777426494.726330,29.545,2.006,1.416,33.195,,,,active,searching,27.17,0,,,,
893,1777426494.759551,29.465,2.053,1.326,33.077,,,,active,searching,27.02,0,,,,
894,1777426494.792945,29.667,2.021,1.299,33.258,,,,active,searching,27.05,0,,,,
895,1777426494.826445,29.677,2.008,1.448,33.357,,,,active,searching,27.19,0,,,,
896,1777426494.859809,29.529,2.042,1.428,33.223,,,,active,searching,27.19,0,,,,
897,1777426494.893092,29.461,2.013,1.437,33.132,,,,active,searching,27.10,0,,,,
898,1777426494.928650,31.698,2.037,1.439,35.416,,,,active,searching,29.30,0,,,,
899,1777426494.959912,27.392,2.046,1.452,31.115,,,,active,searching,27.20,0,,,,
900,1777426494.993393,28.027,2.007,1.449,31.709,,,,active,searching,27.27,0,,,,
901,1777426495.026825,29.400,2.007,1.614,33.267,,,,active,searching,27.38,0,,,,
902,1777426495.060138,29.255,2.041,1.632,33.166,,,,active,acquiring,27.33,0,,,,
903,1777426495.099191,29.278,2.002,1.709,38.896,3.759,1.416,,active,tracking,33.02,1,3.16,-0.88,2,
904,1777426495.173338,25.286,2.244,,74.006,,,46.137,settle,tracking,73.80,,,,,1
905,1777426495.252219,2.042,2.053,,78.683,,,74.226,settle,tracking,119.31,,,,,0
906,1777426495.330136,2.268,2.343,,77.743,,1.503,71.275,active,tracking,130.52,1,2.80,-0.92,2,
907,1777426495.368201,1.969,2.053,,37.933,,,33.603,settle,tracking,68.48,,,,,1
908,1777426495.406582,2.028,2.011,,38.238,,,33.890,settle,tracking,73.49,,,,,0
909,1777426495.445163,2.003,2.056,,38.431,,,34.028,active,tracking,78.70,0,,,,
910,1777426495.483896,2.081,2.129,,38.585,,,34.050,active,tracking,84.08,0,,,,
911,1777426495.522388,2.181,2.085,,38.336,,,33.735,active,lost,89.21,0,,,,
912,1777426495.531411,1.967,2.037,4.381,8.849,,,,active,acquiring,64.86,0,,,,
913,1777426495.558537,2.153,2.181,2.671,26.972,19.370,,,active,tracking,58.62,0,,,,
914,1777426495.743569,2.073,2.205,,184.892,,,180.314,active,tracking,210.30,0,,,,
915,1777426496.069448,2.049,2.066,,325.748,,,321.242,active,tracking,369.35,0,,,,
916,1777426496.393597,2.056,2.054,,323.998,,,319.508,active,tracking,359.85,0,,,,
917,1777426496.554366,1.989,2.057,,160.620,,,156.256,active,tracking,186.97,0,,,,
918,1777426496.719993,2.528,2.103,,165.473,,,155.998,active,lost,219.13,0,,,,
919,1777426496.727781,2.454,2.371,2.557,7.626,,,,active,acquiring,60.09,0,,,,
920,1777426496.739646,2.167,1.987,1.912,11.721,3.611,1.407,,active,tracking,38.62,1,-7.56,0.96,3,
921,1777426496.805107,18.083,2.168,,65.322,,,44.754,settle,tracking,70.69,,,,,2
922,1777426496.871647,2.050,2.020,,66.388,,,61.961,settle,tracking,103.84,,,,,1
923,1777426496.935553,2.140,2.019,,63.746,,,59.274,settle,tracking,101.06,,,,,0
924,1777426496.998842,2.097,2.009,,63.136,,,58.707,active,tracking,97.61,0,,,,
925,1777426497.064929,2.051,2.074,,65.926,,,58.836,active,lost,96.93,0,,,,
926,1777426497.072343,2.173,2.009,2.806,7.254,,,,active,acquiring,37.65,0,,,,
927,1777426497.117934,19.122,2.051,1.943,45.414,20.281,1.400,,active,tracking,49.90,1,-7.12,0.60,2,
928,1777426497.308759,8.323,2.190,,190.688,,,179.854,settle,tracking,207.35,,,,,1
929,1777426497.654553,2.044,2.006,,345.642,,,341.256,settle,tracking,386.31,,,,,0
930,1777426497.996128,2.268,2.379,,341.406,,,336.435,active,tracking,394.24,0,,,,
